2024-06-27 10:10:23.422666,"0,2504,1001,50,0,"
2024-06-27 10:10:23.477800,"0,2501,1002,8005,50,0,0,0,0,0,0,0,0,0,0,0,0,0,0,0,0,0,1,60000,200,20,100,100,60000,1000,20,0,0.9,0.003125,0.003125,2,5,1,0.2,0.05,0.01,1,0,0,0,0,0,0,1,1,1,1,27,29,31,33,39,40,41,42,11,2,3,4,5,6,7,8,9,10,24,26,28,30,32,22,47,54,0,8,0,0,115200,115200,115200,4005,0"
2024-06-27 10:10:25.426393,"0,2504,1515,8005,0.00,0.00,0.00,0.00,16000.00,0.00,0,200.00,2.00,5.00,1.00,0,20.00,0.20,0.05,0.01,0.00,0.00,0.00,0.00,0,"
2024-06-27 10:10:27.424276,"0,2504,1515,8005,0.00,0.00,-6.26,21.58,16000.00,0.00,0,200.00,2.00,5.00,1.00,0,20.00,0.20,0.05,0.01,0.00,0.00,0.00,0.00,0,"
2024-06-27 10:10:29.422307,"0,2504,1515,8005,0.00,0.00,-6.34,21.59,16000.00,0.00,0,200.00,2.00,5.00,1.00,0,20.00,0.20,0.05,0.01,0.00,0.00,0.00,0.00,0,"
2024-06-27 10:10:31.425280,"0,2504,1515,8005,0.00,0.00,-6.31,21.64,16000.00,0.00,0,200.00,2.00,5.00,1.00,0,20.00,0.20,0.05,0.01,0.00,0.00,0.00,0.00,0,"
2024-06-27 10:10:33.425157,"0,2504,1515,8005,0.00,0.00,-6.32,21.59,16000.00,0.00,0,200.00,2.00,5.00,1.00,0,20.00,0.20,0.05,0.01,0.00,0.00,0.00,0.00,0,"
2024-06-27 10:10:36.130446,"0,2504,1001,50,0,"
2024-06-27 14:20:38.741223,"0,2504,1001,50,0,"
2024-06-27 14:20:38.799721,"0,2501,1002,8001,1,0,0,0,0,0,0,0,0,0,0,0,0,0,0,0,0,0,1,60000,200,20,100,100,60000,1000,20,0,0.9,0.0064,0.0064,2,5,1,0.2,0.05,0.01,1,0,0,0,0,0,0,1,1,1,1,27,29,31,33,39,40,41,42,11,2,3,4,5,6,7,8,9,10,24,26,28,30,32,22,47,54,0,8,0,0,115200,115200,115200,4001,0"
2024-06-27 14:20:40.689926,"0,2504,1515,8001,0.00,0.00,0.00,0.00,156.25,0.00,0,200.00,2.00,5.00,1.00,0,20.00,0.20,0.05,0.01,0.00,0.00,0.00,0.00,0,"
2024-06-27 14:20:42.696373,"0,2504,1515,8001,0.00,0.00,-0.00,20.15,156.25,0.00,0,200.00,2.00,5.00,1.00,0,20.00,0.20,0.05,0.01,0.00,0.00,0.00,0.00,0,"
2024-06-27 14:20:44.346707,"0,2504,1001,50,0,"
2024-06-27 14:20:44.397818,"0,2501,1002,3000,0,0,0,0,0,0,0,0,0,0,0,0,0,0,0,0,0,0,1,116,200,150,100,100,60000,1000,37,1,0.9,0.003125,0.003125,2,5,1,1,2,0,0,2,1,1,1,1,0,1,1,0,0,27,29,31,33,39,40,41,42,11,2,3,4,5,6,7,8,9,10,24,26,28,30,32,22,47,54,0,8,0,0,115200,115200,115200,4000,0"
2024-06-27 14:20:44.446117,"0,2504,1001,46,0,"
2024-06-27 14:20:44.505513,"0,2501,1002,4034,150,0,1,1,1,1,1,0,1,1,1,1,0,0,1,0,1,0,1,60000,200,150,100,100,60000,1000,37,1,1,0.003125,0.003125,2,5,1,1,2,0,0,2,1,1,0,1,0,1,1,0,0,27,29,31,33,39,40,41,42,11,2,3,4,5,6,7,8,9,10,24,26,28,30,32,22,47,54,0,8,0,0,115200,115200,115200,4034,0"
2024-06-27 14:20:47.528582,"0,2504,1001,50,0,"
2024-06-27 14:20:47.642829,"0,2501,1002,3000,0,0,0,0,0,0,0,0,0,0,0,0,0,0,0,0,0,0,1,116,200,150,100,100,60000,1000,37,1,0.9,0.003125,0.003125,2,5,1,1,2,0,0,2,1,1,1,1,0,1,1,0,0,27,29,31,33,39,40,41,42,11,2,3,4,5,6,7,8,9,10,24,26,28,30,32,22,47,54,0,8,0,0,115200,115200,115200,4000,0"
2024-06-27 14:20:47.652362,"0,2504,1001,46,0,"
2024-06-27 14:20:47.705479,"0,2501,1002,4034,150,0,1,1,1,1,1,0,1,1,1,1,0,0,1,0,1,0,1,60000,200,150,100,100,60000,1000,37,1,1,0.003125,0.003125,2,5,1,1,2,0,0,2,1,1,0,1,0,1,1,0,0,27,29,31,33,39,40,41,42,11,2,3,4,5,6,7,8,9,10,24,26,28,30,32,22,47,54,0,8,0,0,115200,115200,115200,4034,0"
2024-06-27 14:20:56.271247,"0,2504,1001,50,0,"
2024-06-27 14:20:56.324598,"0,2501,1002,3000,0,0,0,0,0,0,0,0,0,0,0,0,0,0,0,0,0,0,1,116,200,150,100,100,60000,1000,37,1,0.9,0.003125,0.003125,2,5,1,1,2,0,0,2,1,1,1,1,0,1,1,0,0,27,29,31,33,39,40,41,42,11,2,3,4,5,6,7,8,9,10,24,26,28,30,32,22,47,54,0,8,0,0,115200,115200,115200,4000,0"
2024-06-27 14:20:56.382487,"0,2504,1001,46,0,"
2024-06-27 14:20:56.437275,"0,2501,1002,4034,150,0,1,1,1,1,1,0,1,1,1,1,0,0,1,0,1,0,1,60000,200,150,100,100,60000,1000,37,1,1,0.003125,0.003125,2,5,1,1,2,0,0,2,1,1,0,1,0,1,1,0,0,27,29,31,33,39,40,41,42,11,2,3,4,5,6,7,8,9,10,24,26,28,30,32,22,47,54,0,8,0,0,115200,115200,115200,4034,0"
2024-06-27 14:20:58.585154,"0,2504,1001,50,0,"
2024-06-27 14:20:58.676917,"0,2501,1002,3000,0,0,0,0,0,0,0,0,0,0,0,0,0,0,0,0,0,0,1,116,200,150,100,100,60000,1000,37,1,0.9,0.003125,0.003125,2,5,1,1,2,0,0,2,1,1,1,1,0,1,1,0,0,27,29,31,33,39,40,41,42,11,2,3,4,5,6,7,8,9,10,24,26,28,30,32,22,47,54,0,8,0,0,115200,115200,115200,4000,0"
2024-06-27 14:20:58.697138,"0,2504,1001,46,0,"
2024-06-27 14:20:58.756976,"0,2501,1002,4034,150,0,1,1,1,1,1,0,1,1,1,1,0,0,1,0,1,0,1,60000,200,150,100,100,60000,1000,37,1,1,0.003125,0.003125,2,5,1,1,2,0,0,2,1,1,0,1,0,1,1,0,0,27,29,31,33,39,40,41,42,11,2,3,4,5,6,7,8,9,10,24,26,28,30,32,22,47,54,0,8,0,0,115200,115200,115200,4034,0"
2024-06-27 14:21:53.604946,"0,2504,1001,50,0,"
2024-06-27 14:21:53.647904,"0,2501,1002,8001,1,0,0,0,0,0,0,0,0,0,0,0,0,0,0,0,0,0,1,60000,200,20,100,100,60000,1000,20,0,0.9,0.0064,0.0064,2,5,1,0.2,0.05,0.01,1,0,0,0,0,0,0,1,1,1,1,27,29,31,33,39,40,41,42,11,2,3,4,5,6,7,8,9,10,24,26,28,30,32,22,47,54,0,8,0,0,115200,115200,115200,4001,0"
2024-06-27 14:21:55.606428,"0,2504,1515,8001,0.00,0.00,0.00,0.00,156.25,0.00,0,200.00,2.00,5.00,1.00,0,20.00,0.20,0.05,0.01,0.00,0.00,0.00,0.00,0,"
2024-06-27 14:21:57.598968,"0,2504,1515,8001,0.00,0.00,0.62,22.02,156.25,0.00,0,200.00,2.00,5.00,1.00,0,20.00,0.20,0.05,0.01,0.00,0.00,0.00,0.00,0,"
2024-06-27 14:21:59.597790,"0,2504,1515,8001,0.00,0.00,-0.46,22.19,156.25,0.00,0,200.00,2.00,5.00,1.00,0,20.00,0.20,0.05,0.01,0.00,0.00,0.00,0.00,0,"
2024-06-27 14:22:01.502217,"0,2504,1001,50,0,"
2024-06-27 14:22:01.623731,"0,2501,1002,3000,0,0,0,0,0,0,0,0,0,0,0,0,0,0,0,0,0,0,1,116,200,150,100,100,60000,1000,37,1,0.9,0.003125,0.003125,2,5,1,1,2,0,0,2,1,1,1,1,0,1,1,0,0,27,29,31,33,39,40,41,42,11,2,3,4,5,6,7,8,9,10,24,26,28,30,32,22,47,54,0,8,0,0,115200,115200,115200,4000,0"
2024-06-27 14:22:01.631120,"0,2504,1001,46,0,"
2024-06-27 14:22:01.674581,"0,2501,1002,4034,0,0,1,1,1,1,1,0,1,1,1,1,0,0,1,0,1,0,1,60000,200,150,100,100,60000,1000,37,1,1,0.003125,0.003125,2,5,1,1,2,0,0,2,1,1,0,1,0,1,1,0,0,27,29,31,33,39,40,41,42,11,2,3,4,5,6,7,8,9,10,24,26,28,30,32,22,47,54,0,8,0,0,115200,115200,115200,4034,0"
2024-06-27 14:22:12.685400,"0,2504,1001,50,0,"
2024-06-27 14:22:12.741087,"0,2501,1002,8001,1,0,0,0,0,0,0,0,0,0,0,0,0,0,0,0,0,0,1,60000,200,20,100,100,60000,1000,20,0,0.9,0.0064,0.0064,2,5,1,0.2,0.05,0.01,1,0,0,0,0,0,0,1,1,1,1,27,29,31,33,39,40,41,42,11,2,3,4,5,6,7,8,9,10,24,26,28,30,32,22,47,54,0,8,0,0,115200,115200,115200,4001,0"
2024-06-27 14:22:14.669390,"0,2504,1515,8001,0.00,0.00,0.97,22.86,156.25,0.00,0,200.00,2.00,5.00,1.00,0,20.00,0.20,0.05,0.01,0.00,0.00,0.00,0.00,0,"
2024-06-27 14:22:16.679053,"0,2504,1515,8001,0.00,0.00,-0.74,22.81,156.25,0.00,0,200.00,2.00,5.00,1.00,0,20.00,0.20,0.05,0.01,0.00,0.00,0.00,0.00,0,"
2024-06-27 14:22:18.671928,"0,2504,1515,8001,0.00,0.00,0.11,22.50,156.25,0.00,0,200.00,2.00,5.00,1.00,0,20.00,0.20,0.05,0.01,0.00,0.00,0.00,0.00,0,"
2024-06-27 14:22:20.676504,"0,2504,1515,8001,0.00,0.00,-0.01,22.51,156.25,0.00,0,200.00,2.00,5.00,1.00,0,20.00,0.20,0.05,0.01,0.00,0.00,0.00,0.00,0,"
2024-06-27 14:22:22.679118,"0,2504,1515,8001,0.00,0.00,-0.00,22.61,156.25,0.00,0,200.00,2.00,5.00,1.00,0,20.00,0.20,0.05,0.01,0.00,0.00,0.00,0.00,0,"
2024-06-27 14:22:24.674523,"0,2504,1515,8001,0.00,0.00,-0.23,22.64,156.25,0.00,0,200.00,2.00,5.00,1.00,0,20.00,0.20,0.05,0.01,0.00,0.00,0.00,0.00,0,"
2024-06-27 14:22:26.676877,"0,2504,1515,8001,0.00,0.00,0.04,22.83,156.25,0.00,0,200.00,2.00,5.00,1.00,0,20.00,0.20,0.05,0.01,0.00,0.00,0.00,0.00,0,"
2024-06-27 14:22:28.672257,"0,2504,1515,8001,0.00,0.00,-0.06,22.91,156.25,0.00,0,200.00,2.00,5.00,1.00,0,20.00,0.20,0.05,0.01,0.00,0.00,0.00,0.00,0,"
2024-06-27 14:22:30.682082,"0,2504,1515,8001,0.00,0.00,0.03,22.90,156.25,0.00,0,200.00,2.00,5.00,1.00,0,20.00,0.20,0.05,0.01,0.00,0.00,0.00,0.00,0,"
2024-06-27 14:22:32.676567,"0,2504,1515,8001,0.00,0.00,-0.03,22.72,156.25,0.00,0,200.00,2.00,5.00,1.00,0,20.00,0.20,0.05,0.01,0.00,0.00,0.00,0.00,0,"
2024-06-27 14:22:34.677759,"0,2504,1515,8001,0.00,0.00,0.92,22.46,156.25,0.00,0,200.00,2.00,5.00,1.00,0,20.00,0.20,0.05,0.01,0.00,0.00,0.00,0.00,0,"
2024-06-27 14:22:36.677509,"0,2504,1515,8001,0.00,0.00,-0.38,22.47,156.25,0.00,0,200.00,2.00,5.00,1.00,0,20.00,0.20,0.05,0.01,0.00,0.00,0.00,0.00,0,"
2024-06-27 14:22:38.676839,"0,2504,1515,8001,0.00,0.00,0.15,22.32,156.25,0.00,0,200.00,2.00,5.00,1.00,0,20.00,0.20,0.05,0.01,0.00,0.00,0.00,0.00,0,"
2024-06-27 14:22:40.676392,"0,2504,1515,8001,0.00,0.00,-0.05,22.26,156.25,0.00,0,200.00,2.00,5.00,1.00,0,20.00,0.20,0.05,0.01,0.00,0.00,0.00,0.00,0,"
2024-06-27 14:22:42.671387,"0,2504,1515,8001,0.00,0.00,-0.01,22.42,156.25,0.00,0,200.00,2.00,5.00,1.00,0,20.00,0.20,0.05,0.01,0.00,0.00,0.00,0.00,0,"
2024-06-27 14:22:44.676814,"0,2504,1515,8001,0.00,0.00,-0.08,22.48,156.25,0.00,0,200.00,2.00,5.00,1.00,0,20.00,0.20,0.05,0.01,0.00,0.00,0.00,0.00,0,"
2024-06-27 14:22:46.680781,"0,2504,1515,8001,0.00,0.00,-0.00,22.62,156.25,0.00,0,200.00,2.00,5.00,1.00,0,20.00,0.20,0.05,0.01,0.00,0.00,0.00,0.00,0,"
2024-06-27 14:22:48.678454,"0,2504,1515,8001,0.00,0.00,-0.04,22.69,156.25,0.00,0,200.00,2.00,5.00,1.00,0,20.00,0.20,0.05,0.01,0.00,0.00,0.00,0.00,0,"
2024-06-27 14:22:50.673535,"0,2504,1515,8001,0.00,0.00,0.01,22.61,156.25,0.00,0,200.00,2.00,5.00,1.00,0,20.00,0.20,0.05,0.01,0.00,0.00,0.00,0.00,0,"
2024-06-27 14:22:52.675149,"0,2504,1515,8001,0.00,0.00,2.13,22.33,156.25,0.00,0,200.00,2.00,5.00,1.00,0,20.00,0.20,0.05,0.01,0.00,0.00,0.00,0.00,0,"
2024-06-27 14:22:54.679773,"0,2504,1515,8001,0.00,0.00,-0.76,22.10,156.25,0.00,0,200.00,2.00,5.00,1.00,0,20.00,0.20,0.05,0.01,0.00,0.00,0.00,0.00,0,"
2024-06-27 14:22:56.674230,"0,2504,1515,8001,0.00,0.00,-0.01,21.98,156.25,0.00,0,200.00,2.00,5.00,1.00,0,20.00,0.20,0.05,0.01,0.00,0.00,0.00,0.00,0,"
2024-06-27 14:22:58.681294,"0,2504,1515,8001,0.00,0.00,0.04,21.93,156.25,0.00,0,200.00,2.00,5.00,1.00,0,20.00,0.20,0.05,0.01,0.00,0.00,0.00,0.00,0,"
2024-06-27 14:23:00.681977,"0,2504,1515,8001,0.00,0.00,-0.01,21.99,156.25,0.00,0,200.00,2.00,5.00,1.00,0,20.00,0.20,0.05,0.01,0.00,0.00,0.00,0.00,0,"
2024-06-27 14:23:02.682513,"0,2504,1515,8001,0.00,0.00,-0.18,22.24,156.25,0.00,0,200.00,2.00,5.00,1.00,0,20.00,0.20,0.05,0.01,0.00,0.00,0.00,0.00,0,"
2024-06-27 14:23:04.680416,"0,2504,1515,8001,0.00,0.00,0.05,22.28,156.25,0.00,0,200.00,2.00,5.00,1.00,0,20.00,0.20,0.05,0.01,0.00,0.00,0.00,0.00,0,"
2024-06-27 14:23:06.680549,"0,2504,1515,8001,0.00,0.00,-0.02,22.48,156.25,0.00,0,200.00,2.00,5.00,1.00,0,20.00,0.20,0.05,0.01,0.00,0.00,0.00,0.00,0,"
2024-06-27 14:23:08.682085,"0,2504,1515,8001,0.00,0.00,0.02,22.41,156.25,0.00,0,200.00,2.00,5.00,1.00,0,20.00,0.20,0.05,0.01,0.00,0.00,0.00,0.00,0,"
2024-06-27 14:23:10.677249,"0,2504,1515,8001,0.00,0.00,-0.02,22.25,156.25,0.00,0,200.00,2.00,5.00,1.00,0,20.00,0.20,0.05,0.01,0.00,0.00,0.00,0.00,0,"
2024-06-27 14:23:12.669742,"0,2504,1001,46,0,"
2024-06-27 14:23:12.706887,"0,2504,1515,8001,0.00,0.00,1.75,22.06,156.25,0.00,0,200.00,2.00,5.00,1.00,0,20.00,0.20,0.05,0.01,0.00,0.00,0.00,0.00,0,"
2024-06-27 14:23:12.756384,"0,2501,1002,9999,0,0,0,0,0,0,0,0,0,0,0,0,0,0,0,0,0,0,0,60000,0,0,100,100,60000,1000,0,0,0,0.0064,0.0064,0,0,0,0,0,0,1,0,0,0,0,0,0,1,1,1,1,27,29,31,33,39,40,41,42,11,2,3,4,5,6,7,8,9,10,24,26,28,30,32,22,47,54,0,8,0,0,115200,115200,115200,4001,0"
2024-06-27 14:23:14.718091,"0,2504,1515,9999,0.00,0.00,-0.00,22.04,0.00,0.00,0,0.00,0.00,0.00,0.00,0,0.00,0.00,0.00,0.00,0.00,0.00,0.00,0.00,0,"
2024-06-27 14:23:16.716748,"0,2504,1515,9999,0.00,0.00,-0.01,22.19,0.00,0.00,0,0.00,0.00,0.00,0.00,0,0.00,0.00,0.00,0.00,0.00,0.00,0.00,0.00,0,"
2024-06-27 14:23:18.714512,"0,2504,1515,9999,0.00,0.00,-0.01,22.39,0.00,0.00,0,0.00,0.00,0.00,0.00,0,0.00,0.00,0.00,0.00,0.00,0.00,0.00,0.00,0,"
2024-06-27 14:23:20.717595,"0,2504,1515,9999,0.00,0.00,-0.01,22.40,0.00,0.00,0,0.00,0.00,0.00,0.00,0,0.00,0.00,0.00,0.00,0.00,0.00,0.00,0.00,0,"
2024-06-27 14:23:22.718841,"0,2504,1515,9999,0.00,0.00,-0.01,22.40,0.00,0.00,0,0.00,0.00,0.00,0.00,0,0.00,0.00,0.00,0.00,0.00,0.00,0.00,0.00,0,"
2024-06-27 14:23:24.720398,"0,2504,1515,9999,0.00,0.00,-0.01,22.56,0.00,0.00,0,0.00,0.00,0.00,0.00,0,0.00,0.00,0.00,0.00,0.00,0.00,0.00,0.00,0,"
2024-06-27 14:23:26.719711,"0,2504,1515,9999,0.00,0.00,-0.01,22.53,0.00,0.00,0,0.00,0.00,0.00,0.00,0,0.00,0.00,0.00,0.00,0.00,0.00,0.00,0.00,0,"
2024-06-27 14:23:28.716398,"0,2504,1515,9999,0.00,0.00,-0.01,22.63,0.00,0.00,0,0.00,0.00,0.00,0.00,0,0.00,0.00,0.00,0.00,0.00,0.00,0.00,0.00,0,"
2024-06-27 14:23:30.713671,"0,2504,1515,9999,0.00,0.00,-0.01,22.64,0.00,0.00,0,0.00,0.00,0.00,0.00,0,0.00,0.00,0.00,0.00,0.00,0.00,0.00,0.00,0,"
2024-06-27 14:23:32.716422,"0,2504,1515,9999,0.00,0.00,-0.01,22.72,0.00,0.00,0,0.00,0.00,0.00,0.00,0,0.00,0.00,0.00,0.00,0.00,0.00,0.00,0.00,0,"
2024-06-27 14:23:34.717005,"0,2504,1515,9999,0.00,0.00,-0.01,22.70,0.00,0.00,0,0.00,0.00,0.00,0.00,0,0.00,0.00,0.00,0.00,0.00,0.00,0.00,0.00,0,"
2024-06-27 14:23:36.723912,"0,2504,1515,9999,0.00,0.00,-0.01,22.72,0.00,0.00,0,0.00,0.00,0.00,0.00,0,0.00,0.00,0.00,0.00,0.00,0.00,0.00,0.00,0,"
2024-06-27 14:23:38.715232,"0,2504,1515,9999,0.00,0.00,-0.01,22.81,0.00,0.00,0,0.00,0.00,0.00,0.00,0,0.00,0.00,0.00,0.00,0.00,0.00,0.00,0.00,0,"
2024-06-27 14:23:40.713586,"0,2504,1515,9999,0.00,0.00,-0.01,22.82,0.00,0.00,0,0.00,0.00,0.00,0.00,0,0.00,0.00,0.00,0.00,0.00,0.00,0.00,0.00,0,"
2024-06-27 14:23:42.714165,"0,2504,1515,9999,0.00,0.00,-0.01,22.83,0.00,0.00,0,0.00,0.00,0.00,0.00,0,0.00,0.00,0.00,0.00,0.00,0.00,0.00,0.00,0,"
2024-06-27 14:23:44.722338,"0,2504,1515,9999,0.00,0.00,-0.01,22.84,0.00,0.00,0,0.00,0.00,0.00,0.00,0,0.00,0.00,0.00,0.00,0.00,0.00,0.00,0.00,0,"
2024-06-27 14:23:46.720161,"0,2504,1515,9999,0.00,0.00,-0.01,22.93,0.00,0.00,0,0.00,0.00,0.00,0.00,0,0.00,0.00,0.00,0.00,0.00,0.00,0.00,0.00,0,"
2024-06-27 14:23:48.716668,"0,2504,1515,9999,0.00,0.00,-0.01,22.94,0.00,0.00,0,0.00,0.00,0.00,0.00,0,0.00,0.00,0.00,0.00,0.00,0.00,0.00,0.00,0,"
2024-06-27 14:23:50.724146,"0,2504,1515,9999,0.00,0.00,-0.01,22.84,0.00,0.00,0,0.00,0.00,0.00,0.00,0,0.00,0.00,0.00,0.00,0.00,0.00,0.00,0.00,0,"
2024-06-27 14:23:52.721748,"0,2504,1515,9999,0.00,0.00,-0.01,22.92,0.00,0.00,0,0.00,0.00,0.00,0.00,0,0.00,0.00,0.00,0.00,0.00,0.00,0.00,0.00,0,"
2024-06-27 14:23:54.715960,"0,2504,1515,9999,0.00,0.00,-0.01,22.91,0.00,0.00,0,0.00,0.00,0.00,0.00,0,0.00,0.00,0.00,0.00,0.00,0.00,0.00,0.00,0,"
2024-06-27 14:23:56.720109,"0,2504,1515,9999,0.00,0.00,-0.01,22.92,0.00,0.00,0,0.00,0.00,0.00,0.00,0,0.00,0.00,0.00,0.00,0.00,0.00,0.00,0.00,0,"
2024-06-27 14:23:58.722646,"0,2504,1515,9999,0.00,0.00,-0.00,23.03,0.00,0.00,0,0.00,0.00,0.00,0.00,0,0.00,0.00,0.00,0.00,0.00,0.00,0.00,0.00,0,"
2024-06-27 14:24:01.457822,"0,2504,1001,50,0,"
2024-06-27 14:24:01.554129,"0,2501,1002,3000,0,0,0,0,0,0,0,0,0,0,0,0,0,0,0,0,0,0,1,116,200,150,100,100,60000,1000,37,1,0.9,0.003125,0.003125,2,5,1,1,2,0,0,2,1,1,1,1,0,1,1,0,0,27,29,31,33,39,40,41,42,11,2,3,4,5,6,7,8,9,10,24,26,28,30,32,22,47,54,0,8,0,0,115200,115200,115200,4000,0"
2024-06-27 14:24:01.579833,"0,2504,1001,46,0,"
2024-06-27 14:24:01.670745,"0,2501,1002,4034,0,0,1,1,1,1,1,0,1,1,1,1,0,0,1,0,1,0,1,60000,200,150,100,100,60000,1000,37,1,1,0.003125,0.003125,2,5,1,1,2,0,0,2,1,1,0,1,0,1,1,0,0,27,29,31,33,39,40,41,42,11,2,3,4,5,6,7,8,9,10,24,26,28,30,32,22,47,54,0,8,0,0,115200,115200,115200,4034,0"
2024-06-27 14:24:12.426322,"0,2504,1001,50,0,"
2024-06-27 14:24:12.479969,"0,2501,1002,3000,0,0,0,0,0,0,0,0,0,0,0,0,0,0,0,0,0,0,1,116,200,150,100,100,60000,1000,37,1,0.9,0.003125,0.003125,2,5,1,1,2,0,0,2,1,1,1,1,0,1,1,0,0,27,29,31,33,39,40,41,42,11,2,3,4,5,6,7,8,9,10,24,26,28,30,32,22,47,54,0,8,0,0,115200,115200,115200,4000,0"
2024-06-27 14:24:12.538636,"0,2504,1001,46,0,"
2024-06-27 14:24:12.589085,"0,2501,1002,4034,0,0,1,1,1,1,1,0,1,1,1,1,0,0,1,0,1,0,1,60000,200,150,100,100,60000,1000,37,1,1,0.003125,0.003125,2,5,1,1,2,0,0,2,1,1,0,1,0,1,1,0,0,27,29,31,33,39,40,41,42,11,2,3,4,5,6,7,8,9,10,24,26,28,30,32,22,47,54,0,8,0,0,115200,115200,115200,4034,0"
2024-06-27 14:24:14.565098,"0,2504,1001,50,0,"
2024-06-27 14:24:14.653820,"0,2501,1002,3000,0,0,0,0,0,0,0,0,0,0,0,0,0,0,0,0,0,0,1,116,200,150,100,100,60000,1000,37,1,0.9,0.003125,0.003125,2,5,1,1,2,0,0,2,1,1,1,1,0,1,1,0,0,27,29,31,33,39,40,41,42,11,2,3,4,5,6,7,8,9,10,24,26,28,30,32,22,47,54,0,8,0,0,115200,115200,115200,4000,0"
2024-06-27 14:24:14.674575,"0,2504,1001,46,0,"
2024-06-27 14:24:14.735771,"0,2501,1002,4034,0,0,1,1,1,1,1,0,1,1,1,1,0,0,1,0,1,0,1,60000,200,150,100,100,60000,1000,37,1,1,0.003125,0.003125,2,5,1,1,2,0,0,2,1,1,0,1,0,1,1,0,0,27,29,31,33,39,40,41,42,11,2,3,4,5,6,7,8,9,10,24,26,28,30,32,22,47,54,0,8,0,0,115200,115200,115200,4034,0"
2024-06-27 14:24:36.971494,"0,2504,1515,4034,0.00,142.00,0.00,0.00,0.00,0.00,0,200.00,2.00,5.00,1.00,0,150.00,1.00,2.00,0.00,0.00,-300.00,-300.00,0.00,0,"
2024-06-27 14:24:36.982411,"0,2504,1515,4034,0.00,142.00,0.00,0.00,0.00,0.00,0,200.00,2.00,5.00,1.00,0,150.00,1.00,2.00,0.00,0.00,-300.00,-300.00,0.00,0,"
2024-06-27 14:24:37.153940,"0,2504,1001,50,0,"
2024-06-27 14:24:37.207721,"0,2501,1002,8001,1,0,0,0,0,0,0,0,0,0,0,0,0,0,0,0,0,0,1,30000,200,20,100,100,60000,1000,20,0,0.9,0.0064,0.0064,2,5,1,0.2,0.05,0.01,1,0,0,0,0,0,0,1,1,1,1,27,29,31,33,39,40,41,42,11,2,3,4,5,6,7,8,9,10,24,26,28,30,32,22,47,54,0,8,0,0,115200,115200,115200,4001,0"
2024-06-27 14:24:39.162464,"0,2504,1515,8001,0.00,0.00,0.87,23.02,156.25,0.00,0,200.00,2.00,5.00,1.00,0,20.00,0.20,0.05,0.01,0.00,0.00,0.00,0.00,0,"
2024-06-27 14:24:41.167212,"0,2504,1515,8001,0.00,0.00,-0.48,22.83,156.25,0.00,0,200.00,2.00,5.00,1.00,0,20.00,0.20,0.05,0.01,0.00,0.00,0.00,0.00,0,"
2024-06-27 14:24:43.166871,"0,2504,1515,8001,0.00,0.00,0.13,22.42,156.25,0.00,0,200.00,2.00,5.00,1.00,0,20.00,0.20,0.05,0.01,0.00,0.00,0.00,0.00,0,"
2024-06-27 14:24:45.198610,"0,2504,1515,8001,0.00,0.00,-0.01,22.23,156.25,0.00,0,200.00,2.00,5.00,1.00,0,20.00,0.20,0.05,0.01,0.00,0.00,0.00,0.00,0,"
2024-06-27 14:24:47.161299,"0,2504,1515,8001,0.00,0.00,-0.01,22.30,156.25,0.00,0,200.00,2.00,5.00,1.00,0,20.00,0.20,0.05,0.01,0.00,0.00,0.00,0.00,0,"
2024-06-27 14:24:49.161261,"0,2504,1515,8001,0.00,0.00,-0.10,22.45,156.25,0.00,0,200.00,2.00,5.00,1.00,0,20.00,0.20,0.05,0.01,0.00,0.00,0.00,0.00,0,"
2024-06-27 14:24:51.158075,"0,2504,1515,8001,0.00,0.00,0.05,22.54,156.25,0.00,0,200.00,2.00,5.00,1.00,0,20.00,0.20,0.05,0.01,0.00,0.00,0.00,0.00,0,"
2024-06-27 14:24:53.163756,"0,2504,1515,8001,0.00,0.00,-0.09,22.50,156.25,0.00,0,200.00,2.00,5.00,1.00,0,20.00,0.20,0.05,0.01,0.00,0.00,0.00,0.00,0,"
2024-06-27 14:24:55.164424,"0,2504,1515,8001,0.00,0.00,0.04,22.28,156.25,0.00,0,200.00,2.00,5.00,1.00,0,20.00,0.20,0.05,0.01,0.00,0.00,0.00,0.00,0,"
2024-06-27 14:24:57.157972,"0,2504,1515,8001,0.00,0.00,0.51,21.96,156.25,0.00,0,200.00,2.00,5.00,1.00,0,20.00,0.20,0.05,0.01,0.00,0.00,0.00,0.00,0,"
2024-06-27 14:24:59.164494,"0,2504,1515,8001,0.00,0.00,-0.11,21.91,156.25,0.00,0,200.00,2.00,5.00,1.00,0,20.00,0.20,0.05,0.01,0.00,0.00,0.00,0.00,0,"
2024-06-27 14:25:01.161594,"0,2504,1515,8001,0.00,0.00,-0.13,21.86,156.25,0.00,0,200.00,2.00,5.00,1.00,0,20.00,0.20,0.05,0.01,0.00,0.00,0.00,0.00,0,"
2024-06-27 14:25:03.168244,"0,2504,1515,8001,0.00,0.00,0.09,21.89,156.25,0.00,0,200.00,2.00,5.00,1.00,0,20.00,0.20,0.05,0.01,0.00,0.00,0.00,0.00,0,"
2024-06-27 14:25:05.162940,"0,2504,1515,8001,0.00,0.00,-0.00,21.85,156.25,0.00,0,200.00,2.00,5.00,1.00,0,20.00,0.20,0.05,0.01,0.00,0.00,0.00,0.00,0,"
2024-06-27 14:25:07.148872,"0,2504,1001,46,0,"
2024-06-27 14:25:07.189427,"0,2504,1515,8001,0.00,0.00,-0.13,22.08,156.25,0.00,0,200.00,2.00,5.00,1.00,0,20.00,0.20,0.05,0.01,0.00,0.00,0.00,0.00,0,"
2024-06-27 14:25:07.260193,"0,2501,1002,9999,0,0,0,0,0,0,0,0,0,0,0,0,0,0,0,0,0,0,0,30000,0,0,100,100,60000,1000,0,0,0,0.0064,0.0064,0,0,0,0,0,0,1,0,0,0,0,0,0,1,1,1,1,27,29,31,33,39,40,41,42,11,2,3,4,5,6,7,8,9,10,24,26,28,30,32,22,47,54,0,8,0,0,115200,115200,115200,4001,0"
2024-06-27 14:25:09.202591,"0,2504,1515,9999,0.00,0.00,-0.01,22.31,0.00,0.00,0,0.00,0.00,0.00,0.00,0,0.00,0.00,0.00,0.00,0.00,0.00,0.00,0.00,0,"
2024-06-27 14:25:11.207331,"0,2504,1515,9999,0.00,0.00,-0.01,22.32,0.00,0.00,0,0.00,0.00,0.00,0.00,0,0.00,0.00,0.00,0.00,0.00,0.00,0.00,0.00,0,"
2024-06-27 14:25:13.206783,"0,2504,1515,9999,0.00,0.00,-0.01,22.39,0.00,0.00,0,0.00,0.00,0.00,0.00,0,0.00,0.00,0.00,0.00,0.00,0.00,0.00,0.00,0,"
2024-06-27 14:25:15.216284,"0,2504,1515,9999,0.00,0.00,-0.01,22.47,0.00,0.00,0,0.00,0.00,0.00,0.00,0,0.00,0.00,0.00,0.00,0.00,0.00,0.00,0.00,0,"
2024-06-27 14:25:17.201785,"0,2504,1515,9999,0.00,0.00,-0.01,22.53,0.00,0.00,0,0.00,0.00,0.00,0.00,0,0.00,0.00,0.00,0.00,0.00,0.00,0.00,0.00,0,"
2024-06-27 14:25:19.206101,"0,2504,1515,9999,0.00,0.00,-0.01,22.59,0.00,0.00,0,0.00,0.00,0.00,0.00,0,0.00,0.00,0.00,0.00,0.00,0.00,0.00,0.00,0,"
2024-06-27 14:25:21.203346,"0,2504,1515,9999,0.00,0.00,-0.01,22.58,0.00,0.00,0,0.00,0.00,0.00,0.00,0,0.00,0.00,0.00,0.00,0.00,0.00,0.00,0.00,0,"
2024-06-27 14:25:23.207259,"0,2504,1515,9999,0.00,0.00,-0.01,22.57,0.00,0.00,0,0.00,0.00,0.00,0.00,0,0.00,0.00,0.00,0.00,0.00,0.00,0.00,0.00,0,"
2024-06-27 14:25:25.202610,"0,2504,1515,9999,0.00,0.00,-0.01,22.63,0.00,0.00,0,0.00,0.00,0.00,0.00,0,0.00,0.00,0.00,0.00,0.00,0.00,0.00,0.00,0,"
2024-06-27 14:25:27.209251,"0,2504,1515,9999,0.00,0.00,-0.01,22.65,0.00,0.00,0,0.00,0.00,0.00,0.00,0,0.00,0.00,0.00,0.00,0.00,0.00,0.00,0.00,0,"
2024-06-27 14:25:29.205313,"0,2504,1515,9999,0.00,0.00,-0.01,22.69,0.00,0.00,0,0.00,0.00,0.00,0.00,0,0.00,0.00,0.00,0.00,0.00,0.00,0.00,0.00,0,"
2024-06-27 14:25:31.200137,"0,2504,1515,9999,0.00,0.00,-0.01,22.75,0.00,0.00,0,0.00,0.00,0.00,0.00,0,0.00,0.00,0.00,0.00,0.00,0.00,0.00,0.00,0,"
2024-06-27 14:25:33.207936,"0,2504,1515,9999,0.00,0.00,-0.01,22.75,0.00,0.00,0,0.00,0.00,0.00,0.00,0,0.00,0.00,0.00,0.00,0.00,0.00,0.00,0.00,0,"
2024-06-27 14:25:35.216943,"0,2504,1515,9999,0.00,0.00,-0.01,22.73,0.00,0.00,0,0.00,0.00,0.00,0.00,0,0.00,0.00,0.00,0.00,0.00,0.00,0.00,0.00,0,"
2024-06-27 14:25:38.147127,"0,2504,1001,50,0,"
2024-06-27 14:25:38.228593,"0,2501,1002,3000,0,0,0,0,0,0,0,0,0,0,0,0,0,0,0,0,0,0,1,116,200,150,100,100,60000,1000,37,1,0.9,0.003125,0.003125,2,5,1,1,2,0,0,2,1,1,1,1,0,1,1,0,0,27,29,31,33,39,40,41,42,11,2,3,4,5,6,7,8,9,10,24,26,28,30,32,22,47,54,0,8,0,0,115200,115200,115200,4000,0"
2024-06-27 14:25:38.262071,"0,2504,1001,46,0,"
2024-06-27 14:25:38.318338,"0,2501,1002,4034,0,0,1,1,1,1,1,0,1,1,1,1,0,0,1,0,1,0,1,60000,200,150,100,100,60000,1000,37,1,1,0.003125,0.003125,2,5,1,1,2,0,0,2,1,1,0,1,0,1,1,0,0,27,29,31,33,39,40,41,42,11,2,3,4,5,6,7,8,9,10,24,26,28,30,32,22,47,54,0,8,0,0,115200,115200,115200,4034,0"
2024-06-27 14:25:41.352571,"0,2504,1001,50,0,"
2024-06-27 14:25:41.448577,"0,2501,1002,3000,0,0,0,0,0,0,0,0,0,0,0,0,0,0,0,0,0,0,1,116,200,150,100,100,60000,1000,37,1,0.9,0.003125,0.003125,2,5,1,1,2,0,0,2,1,1,1,1,0,1,1,0,0,27,29,31,33,39,40,41,42,11,2,3,4,5,6,7,8,9,10,24,26,28,30,32,22,47,54,0,8,0,0,115200,115200,115200,4000,0"
2024-06-27 14:25:41.471729,"0,2504,1001,46,0,"
2024-06-27 14:25:41.525233,"0,2501,1002,4034,0,0,1,1,1,1,1,0,1,1,1,1,0,0,1,0,1,0,1,60000,200,150,100,100,60000,1000,37,1,1,0.003125,0.003125,2,5,1,1,2,0,0,2,1,1,0,1,0,1,1,0,0,27,29,31,33,39,40,41,42,11,2,3,4,5,6,7,8,9,10,24,26,28,30,32,22,47,54,0,8,0,0,115200,115200,115200,4034,0"
2024-06-27 14:26:10.888783,"2504,1515,4034,0.00,144.00,0.00,0.00,0.00,0.00,0,200.00,2.00,5.00,1.00,0,150.00,1.00,2.00,0.00,0.00,-300.00,-300.00,0.00,0,"
2024-06-27 14:26:10.900689,"0,2504,1515,4034,0.00,144.00,0.00,0.00,0.00,0.00,0,200.00,2.00,5.00,1.00,0,150.00,1.00,2.00,0.00,0.00,-300.00,-300.00,0.00,0,"
2024-06-27 14:26:11.100447,"0,2504,1001,50,0,"
2024-06-27 14:26:11.165292,"0,2501,1002,8002,2,0,0,0,0,0,0,0,0,0,0,0,0,0,0,0,0,0,1,30000,200,20,100,100,60000,1000,20,0,0.9,0.0064,0.0064,2,5,1,0.2,0.05,0.01,1,0,0,0,0,0,0,1,1,1,1,27,29,31,33,39,40,41,42,11,2,3,4,5,6,7,8,9,10,24,26,28,30,32,22,47,54,0,8,0,0,115200,115200,115200,4002,0"
2024-06-27 14:26:13.111149,"0,2504,1515,8002,0.00,0.00,-0.11,23.03,312.50,0.00,0,200.00,2.00,5.00,1.00,0,20.00,0.20,0.05,0.01,0.00,0.00,0.00,0.00,0,"
2024-06-27 14:26:15.107375,"0,2504,1515,8002,0.00,0.00,-0.08,23.00,312.50,0.00,0,200.00,2.00,5.00,1.00,0,20.00,0.20,0.05,0.01,0.00,0.00,0.00,0.00,0,"
2024-06-27 14:26:17.111757,"0,2504,1515,8002,0.00,0.00,1.68,22.44,312.50,0.00,0,200.00,2.00,5.00,1.00,0,20.00,0.20,0.05,0.01,0.00,0.00,0.00,0.00,0,"
2024-06-27 14:26:19.110196,"0,2504,1515,8002,0.00,0.00,-0.44,21.84,312.50,0.00,0,200.00,2.00,5.00,1.00,0,20.00,0.20,0.05,0.01,0.00,0.00,0.00,0.00,0,"
2024-06-27 14:26:21.110750,"0,2504,1515,8002,0.00,0.00,-0.05,21.76,312.50,0.00,0,200.00,2.00,5.00,1.00,0,20.00,0.20,0.05,0.01,0.00,0.00,0.00,0.00,0,"
2024-06-27 14:26:23.116821,"0,2504,1515,8002,0.00,0.00,-0.12,21.96,312.50,0.00,0,200.00,2.00,5.00,1.00,0,20.00,0.20,0.05,0.01,0.00,0.00,0.00,0.00,0,"
2024-06-27 14:26:25.106387,"0,2504,1515,8002,0.00,0.00,0.02,22.05,312.50,0.00,0,200.00,2.00,5.00,1.00,0,20.00,0.20,0.05,0.01,0.00,0.00,0.00,0.00,0,"
2024-06-27 14:26:27.114602,"0,2504,1515,8002,0.00,0.00,2.06,21.75,312.50,0.00,0,200.00,2.00,5.00,1.00,0,20.00,0.20,0.05,0.01,0.00,0.00,0.00,0.00,0,"
2024-06-27 14:26:29.107822,"0,2504,1515,8002,0.00,0.00,-0.63,21.54,312.50,0.00,0,200.00,2.00,5.00,1.00,0,20.00,0.20,0.05,0.01,0.00,0.00,0.00,0.00,0,"
2024-06-27 14:26:31.107800,"0,2504,1515,8002,0.00,0.00,0.00,21.60,312.50,0.00,0,200.00,2.00,5.00,1.00,0,20.00,0.20,0.05,0.01,0.00,0.00,0.00,0.00,0,"
2024-06-27 14:26:33.114623,"0,2504,1515,8002,0.00,0.00,-0.00,21.88,312.50,0.00,0,200.00,2.00,5.00,1.00,0,20.00,0.20,0.05,0.01,0.00,0.00,0.00,0.00,0,"
2024-06-27 14:26:35.111390,"0,2504,1515,8002,0.00,0.00,0.13,21.93,312.50,0.00,0,200.00,2.00,5.00,1.00,0,20.00,0.20,0.05,0.01,0.00,0.00,0.00,0.00,0,"
2024-06-27 14:26:37.108085,"0,2504,1515,8002,0.00,0.00,1.37,21.63,312.50,0.00,0,200.00,2.00,5.00,1.00,0,20.00,0.20,0.05,0.01,0.00,0.00,0.00,0.00,0,"
2024-06-27 14:26:39.115201,"0,2504,1515,8002,0.00,0.00,-0.56,21.59,312.50,0.00,0,200.00,2.00,5.00,1.00,0,20.00,0.20,0.05,0.01,0.00,0.00,0.00,0.00,0,"
2024-06-27 14:26:41.102669,"0,2504,1001,46,0,"
2024-06-27 14:26:41.173195,"0,2504,1515,8002,0.00,0.00,-0.09,21.86,312.50,0.00,0,200.00,2.00,5.00,1.00,0,20.00,0.20,0.05,0.01,0.00,0.00,0.00,0.00,0,"
2024-06-27 14:26:41.203423,"0,2501,1002,9999,0,0,0,0,0,0,0,0,0,0,0,0,0,0,0,0,0,0,0,30000,0,0,100,100,60000,600000,0,0,0,0.0064,0.0064,0,0,0,0,0,0,1,0,0,0,0,0,0,1,1,1,1,27,29,31,33,39,40,41,42,11,2,3,4,5,6,7,8,9,10,24,26,28,30,32,22,47,54,0,8,0,0,115200,115200,115200,4001,015200"
2024-06-27 14:27:02.763382,"0,2504,1001,50,0,"
2024-06-27 14:27:02.816894,"0,2501,1002,3000,0,0,0,0,0,0,0,0,0,0,0,0,0,0,0,0,0,0,1,116,200,150,100,100,60000,1000,37,1,0.9,0.003125,0.003125,2,5,1,1,2,0,0,2,1,1,1,1,0,1,1,0,0,27,29,31,33,39,40,41,42,11,2,3,4,5,6,7,8,9,10,24,26,28,30,32,22,47,54,0,8,0,0,115200,115200,115200,4000,0"
2024-06-27 14:27:02.877604,"0,2504,1001,46,0,"
2024-06-27 14:27:02.935114,"0,2501,1002,4034,0,0,1,1,1,1,1,0,1,1,1,1,0,0,1,0,1,0,1,60000,200,150,100,100,60000,1000,37,1,1,0.003125,0.003125,2,5,1,1,2,0,0,2,1,1,0,1,0,1,1,0,0,27,29,31,33,39,40,41,42,11,2,3,4,5,6,7,8,9,10,24,26,28,30,32,22,47,54,0,8,0,0,115200,115200,115200,4034,0"
2024-06-27 14:27:06.646815,"0,2504,1001,50,0,"
2024-06-27 14:27:06.697391,"0,2501,1002,8003,5,0,0,0,0,0,0,0,0,0,0,0,0,0,0,0,0,0,1,30000,200,20,100,100,60000,1000,20,0,0.9,0.0064,0.0064,2,5,1,0.2,0.05,0.01,1,0,0,0,0,0,0,1,1,1,1,27,29,31,33,39,40,41,42,11,2,3,4,5,6,7,8,9,10,24,26,28,30,32,22,47,54,0,8,0,0,115200,115200,115200,4003,0"
2024-06-27 14:27:08.646659,"0,2504,1515,8003,0.00,0.00,-0.04,22.76,781.25,0.00,0,200.00,2.00,5.00,1.00,0,20.00,0.20,0.05,0.01,0.00,0.00,0.00,0.00,0,"
2024-06-27 14:27:10.649462,"0,2504,1515,8003,0.00,0.00,1.17,22.02,781.25,0.00,0,200.00,2.00,5.00,1.00,0,20.00,0.20,0.05,0.01,0.00,0.00,0.00,0.00,0,"
2024-06-27 14:27:12.645108,"0,2504,1515,8003,0.00,0.00,0.18,22.09,781.25,0.00,0,200.00,2.00,5.00,1.00,0,20.00,0.20,0.05,0.01,0.00,0.00,0.00,0.00,0,"
2024-06-27 14:27:14.646390,"0,2504,1515,8003,0.00,0.00,1.01,21.88,781.25,0.00,0,200.00,2.00,5.00,1.00,0,20.00,0.20,0.05,0.01,0.00,0.00,0.00,0.00,0,"
2024-06-27 14:27:16.647752,"0,2504,1515,8003,0.00,0.00,0.28,22.23,781.25,0.00,0,200.00,2.00,5.00,1.00,0,20.00,0.20,0.05,0.01,0.00,0.00,0.00,0.00,0,"
2024-06-27 14:27:18.646318,"0,2504,1515,8003,0.00,0.00,0.99,22.00,781.25,0.00,0,200.00,2.00,5.00,1.00,0,20.00,0.20,0.05,0.01,0.00,0.00,0.00,0.00,0,"
2024-06-27 14:27:20.648893,"0,2504,1515,8003,0.00,0.00,0.43,22.38,781.25,0.00,0,200.00,2.00,5.00,1.00,0,20.00,0.20,0.05,0.01,0.00,0.00,0.00,0.00,0,"
2024-06-27 14:27:22.645506,"0,2504,1515,8003,0.00,0.00,0.87,22.17,781.25,0.00,0,200.00,2.00,5.00,1.00,0,20.00,0.20,0.05,0.01,0.00,0.00,0.00,0.00,0,"
2024-06-27 14:27:24.651015,"0,2504,1515,8003,0.00,0.00,0.58,22.61,781.25,0.00,0,200.00,2.00,5.00,1.00,0,20.00,0.20,0.05,0.01,0.00,0.00,0.00,0.00,0,"
2024-06-27 14:27:26.645690,"0,2504,1515,8003,0.00,0.00,0.71,22.38,781.25,0.00,0,200.00,2.00,5.00,1.00,0,20.00,0.20,0.05,0.01,0.00,0.00,0.00,0.00,0,"
2024-06-27 14:27:28.649458,"0,2504,1515,8003,0.00,0.00,0.69,22.71,781.25,0.00,0,200.00,2.00,5.00,1.00,0,20.00,0.20,0.05,0.01,0.00,0.00,0.00,0.00,0,"
2024-06-27 14:27:30.650366,"0,2504,1515,8003,0.00,0.00,0.59,22.46,781.25,0.00,0,200.00,2.00,5.00,1.00,0,20.00,0.20,0.05,0.01,0.00,0.00,0.00,0.00,0,"
2024-06-27 14:27:32.651275,"0,2504,1515,8003,0.00,0.00,0.73,22.75,781.25,0.00,0,200.00,2.00,5.00,1.00,0,20.00,0.20,0.05,0.01,0.00,0.00,0.00,0.00,0,"
2024-06-27 14:27:34.649723,"0,2504,1515,8003,0.00,0.00,-0.13,22.46,781.25,0.00,0,200.00,2.00,5.00,1.00,0,20.00,0.20,0.05,0.01,0.00,0.00,0.00,0.00,0,"
2024-06-27 14:27:36.641965,"0,2504,1001,46,0,"
2024-06-27 14:27:36.701218,"0,2504,1515,8003,0.00,0.00,0.67,22.84,781.25,0.00,0,200.00,2.00,5.00,1.00,0,20.00,0.20,0.05,0.01,0.00,0.00,0.00,0.00,0,"
2024-06-27 14:27:36.728860,"0,2501,1002,9999,0,0,0,0,0,0,0,0,0,0,0,0,0,0,0,0,0,0,0,30000,0,0,100,100,60000,600000,0,0,0,0.0064,0.0064,0,0,0,0,0,0,1,0,0,0,0,0,0,1,1,1,1,27,29,31,33,39,40,41,42,11,2,3,4,5,6,7,8,9,10,24,26,28,30,32,22,47,54,0,8,0,0,115200,115200,115200,4001,015200"
2024-06-27 14:27:48.667663,"0,2504,1001,50,0,"
2024-06-27 14:27:48.721033,"0,2501,1002,3000,0,0,0,0,0,0,0,0,0,0,0,0,0,0,0,0,0,0,1,116,200,150,100,100,60000,1000,37,1,0.9,0.003125,0.003125,2,5,1,1,2,0,0,2,1,1,1,1,0,1,1,0,0,27,29,31,33,39,40,41,42,11,2,3,4,5,6,7,8,9,10,24,26,28,30,32,22,47,54,0,8,0,0,115200,115200,115200,4000,0"
2024-06-27 14:27:48.781220,"0,2504,1001,46,0,"
2024-06-27 14:27:48.833218,"0,2501,1002,4034,0,0,1,1,1,1,1,0,1,1,1,1,0,0,1,0,1,0,1,60000,200,150,100,100,60000,1000,37,1,1,0.003125,0.003125,2,5,1,1,2,0,0,2,1,1,0,1,0,1,1,0,0,27,29,31,33,39,40,41,42,11,2,3,4,5,6,7,8,9,10,24,26,28,30,32,22,47,54,0,8,0,0,115200,115200,115200,4034,0"
2024-06-27 14:27:50.760489,"0,2504,1001,50,0,"
2024-06-27 14:27:50.818396,"0,2501,1002,3000,0,0,0,0,0,0,0,0,0,0,0,0,0,0,0,0,0,0,1,116,200,150,100,100,60000,1000,37,1,0.9,0.003125,0.003125,2,5,1,1,2,0,0,2,1,1,1,1,0,1,1,0,0,27,29,31,33,39,40,41,42,11,2,3,4,5,6,7,8,9,10,24,26,28,30,32,22,47,54,0,8,0,0,115200,115200,115200,4000,0"
2024-06-27 14:27:50.877104,"0,2504,1001,46,0,"
2024-06-27 14:27:50.932170,"0,2501,1002,4034,0,0,1,1,1,1,1,0,1,1,1,1,0,0,1,0,1,0,1,60000,200,150,100,100,60000,1000,37,1,1,0.003125,0.003125,2,5,1,1,2,0,0,2,1,1,0,1,0,1,1,0,0,27,29,31,33,39,40,41,42,11,2,3,4,5,6,7,8,9,10,24,26,28,30,32,22,47,54,0,8,0,0,115200,115200,115200,4034,0"
2024-06-27 14:28:01.117228,"2504,1515,4034,0.00,144.00,0.00,0.00,0.00,0.00,0,200.00,2.00,5.00,1.00,0,150.00,1.00,2.00,0.00,0.00,-300.00,-300.00,0.00,0,"
2024-06-27 14:28:01.125776,"0,2504,1515,4034,0.00,144.00,0.00,0.00,0.00,0.00,0,200.00,2.00,5.00,1.00,0,150.00,1.00,2.00,0.00,0.00,-300.00,-300.00,0.00,0,"
2024-06-27 14:28:01.317744,"0,2504,1001,50,0,"
2024-06-27 14:28:01.378733,"0,2501,1002,8004,10,0,0,0,0,0,0,0,0,0,0,0,0,0,0,0,0,0,1,30000,200,20,100,100,60000,1000,20,0,0.9,0.0064,0.0064,2,5,1,0.2,0.05,0.01,1,0,0,0,0,0,0,1,1,1,1,27,29,31,33,39,40,41,42,11,2,3,4,5,6,7,8,9,10,24,26,28,30,32,22,47,54,0,8,0,0,115200,115200,115200,4004,0"
2024-06-27 14:28:03.379026,"0,2504,1515,8004,0.00,0.00,-0.39,23.38,1562.50,0.00,0,200.00,2.00,5.00,1.00,0,20.00,0.20,0.05,0.01,0.00,0.00,0.00,0.00,0,"
2024-06-27 14:28:05.330625,"0,2504,1515,8004,0.00,0.00,-0.16,22.61,1562.50,0.00,0,200.00,2.00,5.00,1.00,0,20.00,0.20,0.05,0.01,0.00,0.00,0.00,0.00,0,"
2024-06-27 14:28:07.324609,"0,2504,1515,8004,0.00,0.00,-0.13,22.39,1562.50,0.00,0,200.00,2.00,5.00,1.00,0,20.00,0.20,0.05,0.01,0.00,0.00,0.00,0.00,0,"
2024-06-27 14:28:09.328949,"0,2504,1515,8004,0.00,0.00,-0.17,22.42,1562.50,0.00,0,200.00,2.00,5.00,1.00,0,20.00,0.20,0.05,0.01,0.00,0.00,0.00,0.00,0,"
2024-06-27 14:28:11.343406,"0,2504,1515,8004,0.00,0.00,-0.14,22.52,1562.50,0.00,0,200.00,2.00,5.00,1.00,0,20.00,0.20,0.05,0.01,0.00,0.00,0.00,0.00,0,"
2024-06-27 14:28:13.326533,"0,2504,1515,8004,0.00,0.00,-0.10,22.59,1562.50,0.00,0,200.00,2.00,5.00,1.00,0,20.00,0.20,0.05,0.01,0.00,0.00,0.00,0.00,0,"
2024-06-27 14:28:15.326061,"0,2504,1515,8004,0.00,0.00,-0.08,22.71,1562.50,0.00,0,200.00,2.00,5.00,1.00,0,20.00,0.20,0.05,0.01,0.00,0.00,0.00,0.00,0,"
2024-06-27 14:28:17.320185,"0,2504,1515,8004,0.00,0.00,-0.04,22.74,1562.50,0.00,0,200.00,2.00,5.00,1.00,0,20.00,0.20,0.05,0.01,0.00,0.00,0.00,0.00,0,"
2024-06-27 14:28:19.327936,"0,2504,1515,8004,0.00,0.00,0.01,22.77,1562.50,0.00,0,200.00,2.00,5.00,1.00,0,20.00,0.20,0.05,0.01,0.00,0.00,0.00,0.00,0,"
2024-06-27 14:28:21.329949,"0,2504,1515,8004,0.00,0.00,0.13,22.80,1562.50,0.00,0,200.00,2.00,5.00,1.00,0,20.00,0.20,0.05,0.01,0.00,0.00,0.00,0.00,0,"
2024-06-27 14:28:23.328549,"0,2504,1515,8004,0.00,0.00,0.29,22.83,1562.50,0.00,0,200.00,2.00,5.00,1.00,0,20.00,0.20,0.05,0.01,0.00,0.00,0.00,0.00,0,"
2024-06-27 14:28:25.323679,"0,2504,1515,8004,0.00,0.00,0.19,22.85,1562.50,0.00,0,200.00,2.00,5.00,1.00,0,20.00,0.20,0.05,0.01,0.00,0.00,0.00,0.00,0,"
2024-06-27 14:28:27.322244,"0,2504,1515,8004,0.00,0.00,0.29,22.86,1562.50,0.00,0,200.00,2.00,5.00,1.00,0,20.00,0.20,0.05,0.01,0.00,0.00,0.00,0.00,0,"
2024-06-27 14:28:29.325952,"0,2504,1515,8004,0.00,0.00,0.38,22.86,1562.50,0.00,0,200.00,2.00,5.00,1.00,0,20.00,0.20,0.05,0.01,0.00,0.00,0.00,0.00,0,"
2024-06-27 14:28:31.314406,"0,2504,1001,46,0,"
2024-06-27 14:28:31.355701,"0,2504,1515,8004,0.00,0.00,0.28,22.97,1562.50,0.00,0,200.00,2.00,5.00,1.00,0,20.00,0.20,0.05,0.01,0.00,0.00,0.00,0.00,0,"
2024-06-27 14:28:31.375202,"0,2501,1002,9999,0,0,0,0,0,0,0,0,0,0,0,0,0,0,0,0,0,0,0,30000,0,0,100,100,60000,600000,0,0,0,0.0064,0.0064,0,0,0,0,0,0,1,0,0,0,0,0,0,1,1,1,1,27,29,31,33,39,40,41,42,11,2,3,4,5,6,7,8,9,10,24,26,28,30,32,22,47,54,0,8,0,0,115200,115200,115200,4001,0115200"
2024-06-27 14:28:41.031576,"0,2504,1001,50,0,"
2024-06-27 14:28:41.093560,"0,2501,1002,3000,0,0,0,0,0,0,0,0,0,0,0,0,0,0,0,0,0,0,1,116,200,150,100,100,60000,1000,37,1,0.9,0.003125,0.003125,2,5,1,1,2,0,0,2,1,1,1,1,0,1,1,0,0,27,29,31,33,39,40,41,42,11,2,3,4,5,6,7,8,9,10,24,26,28,30,32,22,47,54,0,8,0,0,115200,115200,115200,4000,0"
2024-06-27 14:28:41.143944,"0,2504,1001,46,0,"
2024-06-27 14:28:41.204302,"0,2501,1002,4034,0,0,1,1,1,1,1,0,1,1,1,1,0,0,1,0,1,0,1,60000,200,150,100,100,60000,1000,37,1,1,0.003125,0.003125,2,5,1,1,2,0,0,2,1,1,0,1,0,1,1,0,0,27,29,31,33,39,40,41,42,11,2,3,4,5,6,7,8,9,10,24,26,28,30,32,22,47,54,0,8,0,0,115200,115200,115200,4034,0"
2024-06-27 14:28:43.314772,"0,2504,1001,50,0,"
2024-06-27 14:28:43.367060,"0,2501,1002,3000,0,0,0,0,0,0,0,0,0,0,0,0,0,0,0,0,0,0,1,116,200,150,100,100,60000,1000,37,1,0.9,0.003125,0.003125,2,5,1,1,2,0,0,2,1,1,1,1,0,1,1,0,0,27,29,31,33,39,40,41,42,11,2,3,4,5,6,7,8,9,10,24,26,28,30,32,22,47,54,0,8,0,0,115200,115200,115200,4000,0"
2024-06-27 14:28:43.424380,"0,2504,1001,46,0,"
2024-06-27 14:28:43.475293,"0,2501,1002,4034,0,0,1,1,1,1,1,0,1,1,1,1,0,0,1,0,1,0,1,60000,200,150,100,100,60000,1000,37,1,1,0.003125,0.003125,2,5,1,1,2,0,0,2,1,1,0,1,0,1,1,0,0,27,29,31,33,39,40,41,42,11,2,3,4,5,6,7,8,9,10,24,26,28,30,32,22,47,54,0,8,0,0,115200,115200,115200,4034,0"
2024-06-27 14:28:48.979729,"0,2504,1001,50,0,"
2024-06-27 14:28:49.030584,"0,2501,1002,3000,0,0,0,0,0,0,0,0,0,0,0,0,0,0,0,0,0,0,1,116,200,150,100,100,60000,1000,37,1,0.9,0.003125,0.003125,2,5,1,1,2,0,0,2,1,1,1,1,0,1,1,0,0,27,29,31,33,39,40,41,42,11,2,3,4,5,6,7,8,9,10,24,26,28,30,32,22,47,54,0,8,0,0,115200,115200,115200,4000,0"
2024-06-27 14:28:49.083176,"0,2504,1001,46,0,"
2024-06-27 14:28:49.143095,"0,2501,1002,4034,0,0,1,1,1,1,1,0,1,1,1,1,0,0,1,0,1,0,1,60000,200,150,100,100,60000,1000,37,1,1,0.003125,0.003125,2,5,1,1,2,0,0,2,1,1,0,1,0,1,1,0,0,27,29,31,33,39,40,41,42,11,2,3,4,5,6,7,8,9,10,24,26,28,30,32,22,47,54,0,8,0,0,115200,115200,115200,4034,0"
2024-06-27 14:29:12.846680,"0,2504,1515,4034,0.00,144.00,0.00,0.00,0.00,0.00,0,200.00,2.00,5.00,1.00,0,150.00,1.00,2.00,0.00,0.00,-300.00,-300.00,0.00,0,"
2024-06-27 14:29:13.054756,"0,2504,1001,50,0,"
2024-06-27 14:29:13.117162,"0,2501,1002,8005,50,0,0,0,0,0,0,0,0,0,0,0,0,0,0,0,0,0,1,30000,200,20,100,100,60000,1000,20,0,0.9,0.0064,0.0064,2,5,1,0.2,0.05,0.01,1,0,0,0,0,0,0,1,1,1,1,27,29,31,33,39,40,41,42,11,2,3,4,5,6,7,8,9,10,24,26,28,30,32,22,47,54,0,8,0,0,115200,115200,115200,4005,0"
2024-06-27 14:29:15.064890,"0,2504,1515,8005,0.00,0.00,1.77,23.14,7812.50,0.00,0,200.00,2.00,5.00,1.00,0,20.00,0.20,0.05,0.01,0.00,0.00,0.00,0.00,0,"
2024-06-27 14:29:17.061206,"0,2504,1515,8005,0.00,0.00,1.70,22.30,7812.50,0.00,0,200.00,2.00,5.00,1.00,0,20.00,0.20,0.05,0.01,0.00,0.00,0.00,0.00,0,"
2024-06-27 14:29:19.065253,"0,2504,1515,8005,0.00,0.00,1.77,22.49,7812.50,0.00,0,200.00,2.00,5.00,1.00,0,20.00,0.20,0.05,0.01,0.00,0.00,0.00,0.00,0,"
2024-06-27 14:29:21.061305,"0,2504,1515,8005,0.00,0.00,1.78,22.51,7812.50,0.00,0,200.00,2.00,5.00,1.00,0,20.00,0.20,0.05,0.01,0.00,0.00,0.00,0.00,0,"
2024-06-27 14:29:23.062169,"0,2504,1515,8005,0.00,0.00,1.72,22.50,7812.50,0.00,0,200.00,2.00,5.00,1.00,0,20.00,0.20,0.05,0.01,0.00,0.00,0.00,0.00,0,"
2024-06-27 14:29:25.061335,"0,2504,1515,8005,0.00,0.00,1.79,22.46,7812.50,0.00,0,200.00,2.00,5.00,1.00,0,20.00,0.20,0.05,0.01,0.00,0.00,0.00,0.00,0,"
2024-06-27 14:29:27.061673,"0,2504,1515,8005,0.00,0.00,1.81,22.51,7812.50,0.00,0,200.00,2.00,5.00,1.00,0,20.00,0.20,0.05,0.01,0.00,0.00,0.00,0.00,0,"
2024-06-27 14:29:29.062954,"0,2504,1515,8005,0.00,0.00,1.77,22.49,7812.50,0.00,0,200.00,2.00,5.00,1.00,0,20.00,0.20,0.05,0.01,0.00,0.00,0.00,0.00,0,"
2024-06-27 14:29:31.060322,"0,2504,1515,8005,0.00,0.00,1.74,22.51,7812.50,0.00,0,200.00,2.00,5.00,1.00,0,20.00,0.20,0.05,0.01,0.00,0.00,0.00,0.00,0,"
2024-06-27 14:29:33.065251,"0,2504,1515,8005,0.00,0.00,1.78,22.52,7812.50,0.00,0,200.00,2.00,5.00,1.00,0,20.00,0.20,0.05,0.01,0.00,0.00,0.00,0.00,0,"
2024-06-27 14:29:35.063417,"0,2504,1515,8005,0.00,0.00,1.81,22.50,7812.50,0.00,0,200.00,2.00,5.00,1.00,0,20.00,0.20,0.05,0.01,0.00,0.00,0.00,0.00,0,"
2024-06-27 14:29:37.059672,"0,2504,1515,8005,0.00,0.00,1.79,22.51,7812.50,0.00,0,200.00,2.00,5.00,1.00,0,20.00,0.20,0.05,0.01,0.00,0.00,0.00,0.00,0,"
2024-06-27 14:29:39.060792,"0,2504,1515,8005,0.00,0.00,1.79,22.49,7812.50,0.00,0,200.00,2.00,5.00,1.00,0,20.00,0.20,0.05,0.01,0.00,0.00,0.00,0.00,0,"
2024-06-27 14:29:41.060652,"0,2504,1515,8005,0.00,0.00,1.81,22.51,7812.50,0.00,0,200.00,2.00,5.00,1.00,0,20.00,0.20,0.05,0.01,0.00,0.00,0.00,0.00,0,"
2024-06-27 14:29:43.055653,"0,2504,1001,46,0,"
2024-06-27 14:29:43.088661,"0,2504,1515,8005,0.00,0.00,1.80,22.51,7812.50,0.00,0,200.00,2.00,5.00,1.00,0,20.00,0.20,0.05,0.01,0.00,0.00,0.00,0.00,0,"
2024-06-27 14:29:43.113156,"0,2501,1002,9999,0,0,0,0,0,0,0,0,0,0,0,0,0,0,0,0,0,0,0,30000,0,0,100,100,60000,600000,0,0,0,0.0064,0.0064,0,0,0,0,0,0,1,0,0,0,0,0,0,1,1,1,1,27,29,31,33,39,40,41,42,11,2,3,4,5,6,7,8,9,10,24,26,28,30,32,22,47,54,0,8,0,0,115200,115200,115200,4001,0115200"
2024-06-27 14:29:54.133153,"0,2504,1001,50,0,"
2024-06-27 14:29:54.196934,"0,2501,1002,3000,0,0,0,0,0,0,0,0,0,0,0,0,0,0,0,0,0,0,1,116,200,150,100,100,60000,1000,37,1,0.9,0.003125,0.003125,2,5,1,1,2,0,0,2,1,1,1,1,0,1,1,0,0,27,29,31,33,39,40,41,42,11,2,3,4,5,6,7,8,9,10,24,26,28,30,32,22,47,54,0,8,0,0,115200,115200,115200,4000,0"
2024-06-27 14:29:54.245738,"0,2504,1001,46,0,"
2024-06-27 14:29:54.298288,"0,2501,1002,4034,0,0,1,1,1,1,1,0,1,1,1,1,0,0,1,0,1,0,1,60000,200,150,100,100,60000,1000,37,1,1,0.003125,0.003125,2,5,1,1,2,0,0,2,1,1,0,1,0,1,1,0,0,27,29,31,33,39,40,41,42,11,2,3,4,5,6,7,8,9,10,24,26,28,30,32,22,47,54,0,8,0,0,115200,115200,115200,4034,0"
2024-06-27 14:29:56.268383,"0,2504,1001,50,0,"
2024-06-27 14:29:56.318843,"0,2501,1002,3000,0,0,0,0,0,0,0,0,0,0,0,0,0,0,0,0,0,0,1,116,200,150,100,100,60000,1000,37,1,0.9,0.003125,0.003125,2,5,1,1,2,0,0,2,1,1,1,1,0,1,1,0,0,27,29,31,33,39,40,41,42,11,2,3,4,5,6,7,8,9,10,24,26,28,30,32,22,47,54,0,8,0,0,115200,115200,115200,4000,0"
2024-06-27 14:29:56.380323,"0,2504,1001,46,0,"
2024-06-27 14:29:56.441743,"0,2501,1002,4034,0,0,1,1,1,1,1,0,1,1,1,1,0,0,1,0,1,0,1,60000,200,150,100,100,60000,1000,37,1,1,0.003125,0.003125,2,5,1,1,2,0,0,2,1,1,0,1,0,1,1,0,0,27,29,31,33,39,40,41,42,11,2,3,4,5,6,7,8,9,10,24,26,28,30,32,22,47,54,0,8,0,0,115200,115200,115200,4034,0"
2024-06-27 14:30:32.644126,",1515,4034,0.00,145.00,0.00,0.00,0.00,0.00,0,200.00,2.00,5.00,1.00,0,150.00,1.00,2.00,0.00,0.00,-300.00,-300.00,0.00,0,"
2024-06-27 14:30:32.663680,"0,2504,1515,4034,0.00,145.00,0.00,0.00,0.00,0.00,0,200.00,2.00,5.00,1.00,0,150.00,1.00,2.00,0.00,0.00,-300.00,-300.00,0.00,0,"
2024-06-27 14:30:32.852427,"0,2504,1001,50,0,"
2024-06-27 14:30:32.907620,"0,2501,1002,8006,100,0,0,0,0,0,0,0,0,0,0,0,0,0,0,0,0,0,1,30000,200,20,100,100,60000,1000,20,0,0.9,0.0064,0.0064,2,5,1,0.2,0.05,0.01,1,0,0,0,0,0,0,1,1,1,1,27,29,31,33,39,40,41,42,11,2,3,4,5,6,7,8,9,10,24,26,28,30,32,22,47,54,0,8,0,0,115200,115200,115200,4006,0"
2024-06-27 14:30:34.862707,"0,2504,1515,8006,0.00,0.00,7.48,22.70,15625.00,0.00,0,200.00,2.00,5.00,1.00,0,20.00,0.20,0.05,0.01,0.00,0.00,0.00,0.00,0,"
2024-06-27 14:30:36.861662,"0,2504,1515,8006,0.00,0.00,7.74,22.44,15625.00,0.00,0,200.00,2.00,5.00,1.00,0,20.00,0.20,0.05,0.01,0.00,0.00,0.00,0.00,0,"
2024-06-27 14:30:38.857535,"0,2504,1515,8006,0.00,0.00,7.21,22.44,15625.00,0.00,0,200.00,2.00,5.00,1.00,0,20.00,0.20,0.05,0.01,0.00,0.00,0.00,0.00,0,"
2024-06-27 14:30:40.858743,"0,2504,1515,8006,0.00,0.00,7.07,22.39,15625.00,0.00,0,200.00,2.00,5.00,1.00,0,20.00,0.20,0.05,0.01,0.00,0.00,0.00,0.00,0,"
2024-06-27 14:30:42.860059,"0,2504,1515,8006,0.00,0.00,7.09,22.42,15625.00,0.00,0,200.00,2.00,5.00,1.00,0,20.00,0.20,0.05,0.01,0.00,0.00,0.00,0.00,0,"
2024-06-27 14:30:44.854790,"0,2504,1515,8006,0.00,0.00,7.25,22.50,15625.00,0.00,0,200.00,2.00,5.00,1.00,0,20.00,0.20,0.05,0.01,0.00,0.00,0.00,0.00,0,"
2024-06-27 14:30:46.861126,"0,2504,1515,8006,0.00,0.00,7.18,22.42,15625.00,0.00,0,200.00,2.00,5.00,1.00,0,20.00,0.20,0.05,0.01,0.00,0.00,0.00,0.00,0,"
2024-06-27 14:30:48.854624,"0,2504,1515,8006,0.00,0.00,6.95,22.42,15625.00,0.00,0,200.00,2.00,5.00,1.00,0,20.00,0.20,0.05,0.01,0.00,0.00,0.00,0.00,0,"
2024-06-27 14:30:50.858514,"0,2504,1515,8006,0.00,0.00,7.61,22.43,15625.00,0.00,0,200.00,2.00,5.00,1.00,0,20.00,0.20,0.05,0.01,0.00,0.00,0.00,0.00,0,"
2024-06-27 14:30:52.863521,"0,2504,1515,8006,0.00,0.00,6.04,22.49,15625.00,0.00,0,200.00,2.00,5.00,1.00,0,20.00,0.20,0.05,0.01,0.00,0.00,0.00,0.00,0,"
2024-06-27 14:30:54.854252,"0,2504,1515,8006,0.00,0.00,6.75,22.48,15625.00,0.00,0,200.00,2.00,5.00,1.00,0,20.00,0.20,0.05,0.01,0.00,0.00,0.00,0.00,0,"
2024-06-27 14:30:56.860653,"0,2504,1515,8006,0.00,0.00,6.58,22.44,15625.00,0.00,0,200.00,2.00,5.00,1.00,0,20.00,0.20,0.05,0.01,0.00,0.00,0.00,0.00,0,"
2024-06-27 14:30:58.861409,"0,2504,1515,8006,0.00,0.00,7.02,22.43,15625.00,0.00,0,200.00,2.00,5.00,1.00,0,20.00,0.20,0.05,0.01,0.00,0.00,0.00,0.00,0,"
2024-06-27 14:31:00.861792,"0,2504,1515,8006,0.00,0.00,8.14,22.46,15625.00,0.00,0,200.00,2.00,5.00,1.00,0,20.00,0.20,0.05,0.01,0.00,0.00,0.00,0.00,0,"
2024-06-27 14:31:02.851795,"0,2504,1001,46,0,"
2024-06-27 14:31:02.888517,"0,2504,1515,8006,0.00,0.00,6.76,22.44,15625.00,0.00,0,200.00,2.00,5.00,1.00,0,20.00,0.20,0.05,0.01,0.00,0.00,0.00,0.00,0,"
2024-06-27 14:31:02.918263,"0,2501,1002,9999,0,0,0,0,0,0,0,0,0,0,0,0,0,0,0,0,0,0,0,30000,0,0,100,100,60000,600000,0,0,0,0.0064,0.0064,0,0,0,0,0,0,1,0,0,0,0,0,0,1,1,1,1,27,29,31,33,39,40,41,42,11,2,3,4,5,6,7,8,9,10,24,26,28,30,32,22,47,54,0,8,0,0,115200,115200,115200,4001,0"
2024-06-27 14:31:17.213510,"0,2504,1001,50,0,"
2024-06-27 14:31:17.280383,"0,2501,1002,3000,0,0,0,0,0,0,0,0,0,0,0,0,0,0,0,0,0,0,1,116,200,150,100,100,60000,1000,37,1,0.9,0.003125,0.003125,2,5,1,1,2,0,0,2,1,1,1,1,0,1,1,0,0,27,29,31,33,39,40,41,42,11,2,3,4,5,6,7,8,9,10,24,26,28,30,32,22,47,54,0,8,0,0,115200,115200,115200,4000,0"
2024-06-27 14:31:17.328054,"0,2504,1001,46,0,"
2024-06-27 14:31:17.392868,"0,2501,1002,4034,0,0,1,1,1,1,1,0,1,1,1,1,0,0,1,0,1,0,1,60000,200,150,100,100,60000,1000,37,1,1,0.003125,0.003125,2,5,1,1,2,0,0,2,1,1,0,1,0,1,1,0,0,27,29,31,33,39,40,41,42,11,2,3,4,5,6,7,8,9,10,24,26,28,30,32,22,47,54,0,8,0,0,115200,115200,115200,4034,0"
2024-06-27 14:31:19.275870,"0,2504,1001,50,0,"
2024-06-27 14:31:19.327602,"0,2501,1002,3000,0,0,0,0,0,0,0,0,0,0,0,0,0,0,0,0,0,0,1,116,200,150,100,100,60000,1000,37,1,0.9,0.003125,0.003125,2,5,1,1,2,0,0,2,1,1,1,1,0,1,1,0,0,27,29,31,33,39,40,41,42,11,2,3,4,5,6,7,8,9,10,24,26,28,30,32,22,47,54,0,8,0,0,115200,115200,115200,4000,0"
2024-06-27 14:31:19.383647,"0,2504,1001,46,0,"
2024-06-27 14:31:19.433808,"0,2501,1002,4034,0,0,1,1,1,1,1,0,1,1,1,1,0,0,1,0,1,0,1,60000,200,150,100,100,60000,1000,37,1,1,0.003125,0.003125,2,5,1,1,2,0,0,2,1,1,0,1,0,1,1,0,0,27,29,31,33,39,40,41,42,11,2,3,4,5,6,7,8,9,10,24,26,28,30,32,22,47,54,0,8,0,0,115200,115200,115200,4034,0"
2024-06-27 14:31:23.524467,"0,2504,1001,50,0,"
2024-06-27 14:31:23.585691,"0,2501,1002,8007,500,0,0,0,0,0,0,0,0,0,0,0,0,0,0,0,0,0,1,30000,200,20,100,100,60000,1000,20,0,0.9,0.0064,0.0064,2,5,1,0.2,0.05,0.01,1,0,0,0,0,0,0,1,1,1,1,27,29,31,33,39,40,41,42,11,2,3,4,5,6,7,8,9,10,24,26,28,30,32,22,47,54,0,8,0,0,115200,115200,115200,4007,0"
2024-06-27 14:31:25.536834,"0,2504,1515,8007,0.00,0.00,12.53,22.38,78125.00,0.00,0,200.00,2.00,5.00,1.00,0,20.00,0.20,0.05,0.01,0.00,0.00,0.00,0.00,0,"
2024-06-27 14:31:27.535521,"0,2504,1515,8007,0.00,0.00,10.54,22.34,78125.00,0.00,0,200.00,2.00,5.00,1.00,0,20.00,0.20,0.05,0.01,0.00,0.00,0.00,0.00,0,"
2024-06-27 14:31:29.528696,"0,2504,1515,8007,0.00,0.00,8.76,22.30,78125.00,0.00,0,200.00,2.00,5.00,1.00,0,20.00,0.20,0.05,0.01,0.00,0.00,0.00,0.00,0,"
2024-06-27 14:31:31.531708,"0,2504,1515,8007,0.00,0.00,9.90,22.35,78125.00,0.00,0,200.00,2.00,5.00,1.00,0,20.00,0.20,0.05,0.01,0.00,0.00,0.00,0.00,0,"
2024-06-27 14:31:33.532480,"0,2504,1515,8007,0.00,0.00,9.42,22.33,78125.00,0.00,0,200.00,2.00,5.00,1.00,0,20.00,0.20,0.05,0.01,0.00,0.00,0.00,0.00,0,"
2024-06-27 14:31:35.527990,"0,2504,1515,8007,0.00,0.00,10.04,22.39,78125.00,0.00,0,200.00,2.00,5.00,1.00,0,20.00,0.20,0.05,0.01,0.00,0.00,0.00,0.00,0,"
2024-06-27 14:31:37.534310,"0,2504,1515,8007,0.00,0.00,11.31,22.39,78125.00,0.00,0,200.00,2.00,5.00,1.00,0,20.00,0.20,0.05,0.01,0.00,0.00,0.00,0.00,0,"
2024-06-27 14:31:39.527605,"0,2504,1515,8007,0.00,0.00,9.66,22.35,78125.00,0.00,0,200.00,2.00,5.00,1.00,0,20.00,0.20,0.05,0.01,0.00,0.00,0.00,0.00,0,"
2024-06-27 14:31:41.535750,"0,2504,1515,8007,0.00,0.00,11.03,22.37,78125.00,0.00,0,200.00,2.00,5.00,1.00,0,20.00,0.20,0.05,0.01,0.00,0.00,0.00,0.00,0,"
2024-06-27 14:31:43.536082,"0,2504,1515,8007,0.00,0.00,11.35,22.33,78125.00,0.00,0,200.00,2.00,5.00,1.00,0,20.00,0.20,0.05,0.01,0.00,0.00,0.00,0.00,0,"
2024-06-27 14:31:45.529685,"0,2504,1515,8007,0.00,0.00,11.53,22.38,78125.00,0.00,0,200.00,2.00,5.00,1.00,0,20.00,0.20,0.05,0.01,0.00,0.00,0.00,0.00,0,"
2024-06-27 14:31:47.538089,"0,2504,1515,8007,0.00,0.00,12.66,22.36,78125.00,0.00,0,200.00,2.00,5.00,1.00,0,20.00,0.20,0.05,0.01,0.00,0.00,0.00,0.00,0,"
2024-06-27 14:31:49.531193,"0,2504,1515,8007,0.00,0.00,13.26,22.34,78125.00,0.00,0,200.00,2.00,5.00,1.00,0,20.00,0.20,0.05,0.01,0.00,0.00,0.00,0.00,0,"
2024-06-27 14:31:51.534888,"0,2504,1515,8007,0.00,0.00,14.33,22.30,78125.00,0.00,0,200.00,2.00,5.00,1.00,0,20.00,0.20,0.05,0.01,0.00,0.00,0.00,0.00,0,"
2024-06-27 14:31:53.520244,"0,2504,1001,46,0,"
2024-06-27 14:31:53.560470,"0,2504,1515,8007,0.00,0.00,14.77,22.34,78125.00,0.00,0,200.00,2.00,5.00,1.00,0,20.00,0.20,0.05,0.01,0.00,0.00,0.00,0.00,0,"
2024-06-27 14:31:53.633475,"0,2501,1002,9999,0,0,0,0,0,0,0,0,0,0,0,0,0,0,0,0,0,0,0,30000,0,0,100,100,60000,600000,0,0,0,0.0064,0.0064,0,0,0,0,0,0,1,0,0,0,0,0,0,1,1,1,1,27,29,31,33,39,40,41,42,11,2,3,4,5,6,7,8,9,10,24,26,28,30,32,22,47,54,0,8,0,0,115200,115200,115200,4001,0"
2024-06-27 14:32:11.001300,"0,2504,1001,50,0,"
2024-06-27 14:32:11.051992,"0,2501,1002,3000,0,0,0,0,0,0,0,0,0,0,0,0,0,0,0,0,0,0,1,116,200,150,100,100,60000,1000,37,1,0.9,0.003125,0.003125,2,5,1,1,2,0,0,2,1,1,1,1,0,1,1,0,0,27,29,31,33,39,40,41,42,11,2,3,4,5,6,7,8,9,10,24,26,28,30,32,22,47,54,0,8,0,0,115200,115200,115200,4000,0"
2024-06-27 14:32:11.113086,"0,2504,1001,46,0,"
2024-06-27 14:32:11.175662,"0,2501,1002,4034,0,0,1,1,1,1,1,0,1,1,1,1,0,0,1,0,1,0,1,60000,200,150,100,100,60000,1000,37,1,1,0.003125,0.003125,2,5,1,1,2,0,0,2,1,1,0,1,0,1,1,0,0,27,29,31,33,39,40,41,42,11,2,3,4,5,6,7,8,9,10,24,26,28,30,32,22,47,54,0,8,0,0,115200,115200,115200,4034,0"
2024-06-27 14:32:16.593792,"0,2504,1001,50,0,"
2024-06-27 14:32:16.660595,"0,2501,1002,8008,1000,0,0,0,0,0,0,0,0,0,0,0,0,0,0,0,0,0,1,30000,200,20,100,100,60000,1000,20,0,0.9,0.0064,0.0064,2,5,1,0.2,0.05,0.01,1,0,0,0,0,0,0,1,1,1,1,27,29,31,33,39,40,41,42,11,2,3,4,5,6,7,8,9,10,24,26,28,30,32,22,47,54,0,8,0,0,115200,115200,115200,4008,0"
2024-06-27 14:32:18.605768,"0,2504,1515,8008,0.00,0.00,14.22,22.32,100000.00,0.00,0,200.00,2.00,5.00,1.00,0,20.00,0.20,0.05,0.01,0.00,0.00,0.00,0.00,0,"
2024-06-27 14:32:20.601466,"0,2504,1515,8008,0.00,0.00,13.52,22.32,100000.00,0.00,0,200.00,2.00,5.00,1.00,0,20.00,0.20,0.05,0.01,0.00,0.00,0.00,0.00,0,"
2024-06-27 14:32:22.604520,"0,2504,1515,8008,0.00,0.00,15.51,22.33,100000.00,0.00,0,200.00,2.00,5.00,1.00,0,20.00,0.20,0.05,0.01,0.00,0.00,0.00,0.00,0,"
2024-06-27 14:32:24.599703,"0,2504,1515,8008,0.00,0.00,15.88,22.36,100000.00,0.00,0,200.00,2.00,5.00,1.00,0,20.00,0.20,0.05,0.01,0.00,0.00,0.00,0.00,0,"
2024-06-27 14:32:26.599289,"0,2504,1515,8008,0.00,0.00,14.64,22.29,100000.00,0.00,0,200.00,2.00,5.00,1.00,0,20.00,0.20,0.05,0.01,0.00,0.00,0.00,0.00,0,"
2024-06-27 14:32:28.599121,"0,2504,1515,8008,0.00,0.00,15.26,22.31,100000.00,0.00,0,200.00,2.00,5.00,1.00,0,20.00,0.20,0.05,0.01,0.00,0.00,0.00,0.00,0,"
2024-06-27 14:32:30.602872,"0,2504,1515,8008,0.00,0.00,14.71,22.30,100000.00,0.00,0,200.00,2.00,5.00,1.00,0,20.00,0.20,0.05,0.01,0.00,0.00,0.00,0.00,0,"
2024-06-27 14:32:32.601733,"0,2504,1515,8008,0.00,0.00,14.13,22.40,100000.00,0.00,0,200.00,2.00,5.00,1.00,0,20.00,0.20,0.05,0.01,0.00,0.00,0.00,0.00,0,"
2024-06-27 14:32:34.605796,"0,2504,1515,8008,0.00,0.00,15.31,22.33,100000.00,0.00,0,200.00,2.00,5.00,1.00,0,20.00,0.20,0.05,0.01,0.00,0.00,0.00,0.00,0,"
2024-06-27 14:32:36.603703,"0,2504,1515,8008,0.00,0.00,14.95,22.33,100000.00,0.00,0,200.00,2.00,5.00,1.00,0,20.00,0.20,0.05,0.01,0.00,0.00,0.00,0.00,0,"
2024-06-27 14:32:38.603186,"0,2504,1515,8008,0.00,0.00,14.75,22.32,100000.00,0.00,0,200.00,2.00,5.00,1.00,0,20.00,0.20,0.05,0.01,0.00,0.00,0.00,0.00,0,"
2024-06-27 14:32:40.602130,"0,2504,1515,8008,0.00,0.00,14.54,22.31,100000.00,0.00,0,200.00,2.00,5.00,1.00,0,20.00,0.20,0.05,0.01,0.00,0.00,0.00,0.00,0,"
2024-06-27 14:32:42.606262,"0,2504,1515,8008,0.00,0.00,14.24,22.31,100000.00,0.00,0,200.00,2.00,5.00,1.00,0,20.00,0.20,0.05,0.01,0.00,0.00,0.00,0.00,0,"
2024-06-27 14:32:44.599162,"0,2504,1515,8008,0.00,0.00,13.64,22.33,100000.00,0.00,0,200.00,2.00,5.00,1.00,0,20.00,0.20,0.05,0.01,0.00,0.00,0.00,0.00,0,"
2024-06-27 14:32:46.593587,"0,2504,1001,46,0,"
2024-06-27 14:32:46.625755,"0,2504,1515,8008,0.00,0.00,13.50,22.36,100000.00,0.00,0,200.00,2.00,5.00,1.00,0,20.00,0.20,0.05,0.01,0.00,0.00,0.00,0.00,0,"
2024-06-27 14:32:46.664019,"0,2501,1002,9999,0,0,0,0,0,0,0,0,0,0,0,0,0,0,0,0,0,0,0,30000,0,0,100,100,60000,600000,0,0,0,0.0064,0.0064,0,0,0,0,0,0,1,0,0,0,0,0,0,1,1,1,1,27,29,31,33,39,40,41,42,11,2,3,4,5,6,7,8,9,10,24,26,28,30,32,22,47,54,0,8,0,0,115200,115200,115200,4001,00"
2024-06-27 14:33:19.444220,"0,2504,1001,50,0,"
2024-06-27 14:33:19.495711,"0,2501,1002,3000,0,0,0,0,0,0,0,0,0,0,0,0,0,0,0,0,0,0,1,116,200,150,100,100,60000,1000,37,1,0.9,0.003125,0.003125,2,5,1,1,2,0,0,2,1,1,1,1,0,1,1,0,0,27,29,31,33,39,40,41,42,11,2,3,4,5,6,7,8,9,10,24,26,28,30,32,22,47,54,0,8,0,0,115200,115200,115200,4000,0"
2024-06-27 14:33:19.557485,"0,2504,1001,46,0,"
2024-06-27 14:33:19.611144,"0,2501,1002,4034,0,0,1,1,1,1,1,0,1,1,1,1,0,0,1,0,1,0,1,60000,200,150,100,100,60000,1000,37,1,1,0.003125,0.003125,2,5,1,1,2,0,0,2,1,1,0,1,0,1,1,0,0,27,29,31,33,39,40,41,42,11,2,3,4,5,6,7,8,9,10,24,26,28,30,32,22,47,54,0,8,0,0,115200,115200,115200,4034,0"
2024-06-27 14:33:21.550008,"0,2504,1001,50,0,"
2024-06-27 14:33:21.663071,"0,2501,1002,3000,0,0,0,0,0,0,0,0,0,0,0,0,0,0,0,0,0,0,1,116,200,150,100,100,60000,1000,37,1,0.9,0.003125,0.003125,2,5,1,1,2,0,0,2,1,1,1,1,0,1,1,0,0,27,29,31,33,39,40,41,42,11,2,3,4,5,6,7,8,9,10,24,26,28,30,32,22,47,54,0,8,0,0,115200,115200,115200,4000,0"
2024-06-27 14:33:21.680499,"0,2504,1001,46,0,"
2024-06-27 14:33:21.760667,"0,2501,1002,4034,0,0,1,1,1,1,1,0,1,1,1,1,0,0,1,0,1,0,1,60000,200,150,100,100,60000,1000,37,1,1,0.003125,0.003125,2,5,1,1,2,0,0,2,1,1,0,1,0,1,1,0,0,27,29,31,33,39,40,41,42,11,2,3,4,5,6,7,8,9,10,24,26,28,30,32,22,47,54,0,8,0,0,115200,115200,115200,4034,0"
2024-06-27 14:33:44.649029,"0,2504,1001,50,0,"
2024-06-27 14:33:44.709905,"0,2501,1002,8001,1,0,0,0,0,0,0,0,0,0,0,0,0,0,0,0,0,0,1,30000,200,20,100,100,60000,1000,20,0,0.9,0.0064,0.0064,2,5,1,0.2,0.05,0.01,1,0,0,0,0,0,0,1,1,1,1,27,29,31,33,39,40,41,42,11,2,3,4,5,6,7,8,9,10,24,26,28,30,32,22,47,54,0,8,0,0,115200,115200,115200,4001,0"
2024-06-27 14:33:46.656116,"0,2504,1515,8001,0.00,0.00,1.82,24.05,156.25,0.00,0,200.00,2.00,5.00,1.00,0,20.00,0.20,0.05,0.01,0.00,0.00,0.00,0.00,0,"
2024-06-27 14:33:48.654775,"0,2504,1515,8001,0.00,0.00,-0.58,23.73,156.25,0.00,0,200.00,2.00,5.00,1.00,0,20.00,0.20,0.05,0.01,0.00,0.00,0.00,0.00,0,"
2024-06-27 14:33:50.655902,"0,2504,1515,8001,0.00,0.00,0.01,23.45,156.25,0.00,0,200.00,2.00,5.00,1.00,0,20.00,0.20,0.05,0.01,0.00,0.00,0.00,0.00,0,"
2024-06-27 14:33:52.660172,"0,2504,1515,8001,0.00,0.00,-0.01,23.52,156.25,0.00,0,200.00,2.00,5.00,1.00,0,20.00,0.20,0.05,0.01,0.00,0.00,0.00,0.00,0,"
2024-06-27 14:33:54.685521,"0,2504,1515,8001,0.00,0.00,0.00,23.65,156.25,0.00,0,200.00,2.00,5.00,1.00,0,20.00,0.20,0.05,0.01,0.00,0.00,0.00,0.00,0,"
2024-06-27 14:33:57.007495,"0,2504,1001,50,0,"
2024-06-27 14:33:57.097934,"0,2501,1002,3000,0,0,0,0,0,0,0,0,0,0,0,0,0,0,0,0,0,0,1,116,200,150,100,100,60000,1000,37,1,0.9,0.003125,0.003125,2,5,1,1,2,0,0,2,1,1,1,1,0,1,1,0,0,27,29,31,33,39,40,41,42,11,2,3,4,5,6,7,8,9,10,24,26,28,30,32,22,47,54,0,8,0,0,115200,115200,115200,4000,0"
2024-06-27 14:33:57.118269,"0,2504,1001,46,0,"
2024-06-27 14:33:57.178388,"0,2501,1002,4034,0,0,1,1,1,1,1,0,1,1,1,1,0,0,1,0,1,0,1,60000,200,150,100,100,60000,1000,37,1,1,0.003125,0.003125,2,5,1,1,2,0,0,2,1,1,0,1,0,1,1,0,0,27,29,31,33,39,40,41,42,11,2,3,4,5,6,7,8,9,10,24,26,28,30,32,22,47,54,0,8,0,0,115200,115200,115200,4034,0"
2024-06-27 14:34:00.609800,"0,2504,1001,50,0,"
2024-06-27 14:34:00.664382,"0,2501,1002,3000,0,0,0,0,0,0,0,0,0,0,0,0,0,0,0,0,0,0,1,116,200,150,100,100,60000,1000,37,1,0.9,0.003125,0.003125,2,5,1,1,2,0,0,2,1,1,1,1,0,1,1,0,0,27,29,31,33,39,40,41,42,11,2,3,4,5,6,7,8,9,10,24,26,28,30,32,22,47,54,0,8,0,0,115200,115200,115200,4000,0"
2024-06-27 14:34:00.725144,"0,2504,1001,46,0,"
2024-06-27 14:34:00.781750,"0,2501,1002,4034,0,0,1,1,1,1,1,0,1,1,1,1,0,0,1,0,1,0,1,60000,200,150,100,100,60000,1000,37,1,1,0.003125,0.003125,2,5,1,1,2,0,0,2,1,1,0,1,0,1,1,0,0,27,29,31,33,39,40,41,42,11,2,3,4,5,6,7,8,9,10,24,26,28,30,32,22,47,54,0,8,0,0,115200,115200,115200,4034,0"
2024-06-27 14:34:04.131527,"0,2504,1001,50,0,"
2024-06-27 14:34:04.193785,"0,2501,1002,8001,1,0,0,0,0,0,0,0,0,0,0,0,0,0,0,0,0,0,1,30000,200,20,100,100,60000,1000,20,0,0.9,0.0064,0.0064,2,5,1,0.2,0.05,0.01,1,0,0,0,0,0,0,1,1,1,1,27,29,31,33,39,40,41,42,11,2,3,4,5,6,7,8,9,10,24,26,28,30,32,22,47,54,0,8,0,0,115200,115200,115200,4001,0"
2024-06-27 14:34:06.136338,"0,2504,1515,8001,0.00,0.00,0.15,23.89,156.25,0.00,0,200.00,2.00,5.00,1.00,0,20.00,0.20,0.05,0.01,0.00,0.00,0.00,0.00,0,"
2024-06-27 14:34:08.138590,"0,2504,1515,8001,0.00,0.00,-0.35,23.92,156.25,0.00,0,200.00,2.00,5.00,1.00,0,20.00,0.20,0.05,0.01,0.00,0.00,0.00,0.00,0,"
2024-06-27 14:34:10.146074,"0,2504,1515,8001,0.00,0.00,0.17,23.73,156.25,0.00,0,200.00,2.00,5.00,1.00,0,20.00,0.20,0.05,0.01,0.00,0.00,0.00,0.00,0,"
2024-06-27 14:34:12.136984,"0,2504,1515,8001,0.00,0.00,-0.14,23.38,156.25,0.00,0,200.00,2.00,5.00,1.00,0,20.00,0.20,0.05,0.01,0.00,0.00,0.00,0.00,0,"
2024-06-27 14:34:14.135446,"0,2504,1515,8001,0.00,0.00,0.03,23.16,156.25,0.00,0,200.00,2.00,5.00,1.00,0,20.00,0.20,0.05,0.01,0.00,0.00,0.00,0.00,0,"
2024-06-27 14:34:16.133828,"0,2504,1515,8001,0.00,0.00,1.38,23.05,156.25,0.00,0,200.00,2.00,5.00,1.00,0,20.00,0.20,0.05,0.01,0.00,0.00,0.00,0.00,0,"
2024-06-27 14:34:18.133466,"0,2504,1515,8001,0.00,0.00,-0.54,22.98,156.25,0.00,0,200.00,2.00,5.00,1.00,0,20.00,0.20,0.05,0.01,0.00,0.00,0.00,0.00,0,"
2024-06-27 14:34:20.134501,"0,2504,1515,8001,0.00,0.00,-0.01,23.14,156.25,0.00,0,200.00,2.00,5.00,1.00,0,20.00,0.20,0.05,0.01,0.00,0.00,0.00,0.00,0,"
2024-06-27 14:34:22.143440,"0,2504,1515,8001,0.00,0.00,-0.00,23.23,156.25,0.00,0,200.00,2.00,5.00,1.00,0,20.00,0.20,0.05,0.01,0.00,0.00,0.00,0.00,0,"
2024-06-27 14:34:24.134536,"0,2504,1515,8001,0.00,0.00,-0.00,23.39,156.25,0.00,0,200.00,2.00,5.00,1.00,0,20.00,0.20,0.05,0.01,0.00,0.00,0.00,0.00,0,"
2024-06-27 14:34:26.138538,"0,2504,1515,8001,0.00,0.00,0.10,23.42,156.25,0.00,0,200.00,2.00,5.00,1.00,0,20.00,0.20,0.05,0.01,0.00,0.00,0.00,0.00,0,"
2024-06-27 14:34:28.139653,"0,2504,1515,8001,0.00,0.00,0.02,23.37,156.25,0.00,0,200.00,2.00,5.00,1.00,0,20.00,0.20,0.05,0.01,0.00,0.00,0.00,0.00,0,"
2024-06-27 14:34:30.139896,"0,2504,1515,8001,0.00,0.00,0.01,23.19,156.25,0.00,0,200.00,2.00,5.00,1.00,0,20.00,0.20,0.05,0.01,0.00,0.00,0.00,0.00,0,"
2024-06-27 14:34:32.137529,"0,2504,1515,8001,0.00,0.00,-0.06,22.92,156.25,0.00,0,200.00,2.00,5.00,1.00,0,20.00,0.20,0.05,0.01,0.00,0.00,0.00,0.00,0,"
2024-06-27 14:34:34.124821,"0,2504,1001,46,0,"
2024-06-27 14:34:34.159037,"0,2504,1515,8001,0.00,0.00,0.75,22.80,156.25,0.00,0,200.00,2.00,5.00,1.00,0,20.00,0.20,0.05,0.01,0.00,0.00,0.00,0.00,0,"
2024-06-27 14:34:34.186777,"0,2501,1002,9999,0,0,0,0,0,0,0,0,0,0,0,0,0,0,0,0,0,0,0,30000,0,0,100,100,60000,1000,0,0,0,0.0064,0.0064,0,0,0,0,0,0,1,0,0,0,0,0,0,1,1,1,1,27,29,31,33,39,40,41,42,11,2,3,4,5,6,7,8,9,10,24,26,28,30,32,22,47,54,0,8,0,0,115200,115200,115200,4001,0"
2024-06-27 14:34:36.177668,"0,2504,1515,9999,0.00,0.00,-0.00,22.71,0.00,0.00,0,0.00,0.00,0.00,0.00,0,0.00,0.00,0.00,0.00,0.00,0.00,0.00,0.00,0,"
2024-06-27 14:34:38.179743,"0,2504,1515,9999,0.00,0.00,-0.01,22.95,0.00,0.00,0,0.00,0.00,0.00,0.00,0,0.00,0.00,0.00,0.00,0.00,0.00,0.00,0.00,0,"
2024-06-27 14:34:40.178158,"0,2504,1515,9999,0.00,0.00,-0.01,23.00,0.00,0.00,0,0.00,0.00,0.00,0.00,0,0.00,0.00,0.00,0.00,0.00,0.00,0.00,0.00,0,"
2024-06-27 14:34:42.690918,"0,2504,1001,50,0,"
2024-06-27 14:34:42.742820,"0,2501,1002,3000,0,0,0,0,0,0,0,0,0,0,0,0,0,0,0,0,0,0,1,116,200,150,100,100,60000,1000,37,1,0.9,0.003125,0.003125,2,5,1,1,2,0,0,2,1,1,1,1,0,1,1,0,0,27,29,31,33,39,40,41,42,11,2,3,4,5,6,7,8,9,10,24,26,28,30,32,22,47,54,0,8,0,0,115200,115200,115200,4000,0"
2024-06-27 14:34:42.793210,"0,2504,1001,46,0,"
2024-06-27 14:34:42.920800,"0,2501,1002,4034,0,0,1,1,1,1,1,0,1,1,1,1,0,0,1,0,1,0,1,60000,200,150,100,100,60000,1000,37,1,1,0.003125,0.003125,2,5,1,1,2,0,0,2,1,1,0,1,0,1,1,0,0,27,29,31,33,39,40,41,42,11,2,3,4,5,6,7,8,9,10,24,26,28,30,32,22,47,54,0,8,0,0,115200,115200,115200,4034,0"
2024-06-27 14:34:47.235473,"0,2504,1001,50,0,"
2024-06-27 14:34:47.286257,"0,2501,1002,8002,2,0,0,0,0,0,0,0,0,0,0,0,0,0,0,0,0,0,1,30000,200,20,100,100,60000,1000,20,0,0.9,0.0064,0.0064,2,5,1,0.2,0.05,0.01,1,0,0,0,0,0,0,1,1,1,1,27,29,31,33,39,40,41,42,11,2,3,4,5,6,7,8,9,10,24,26,28,30,32,22,47,54,0,8,0,0,115200,115200,115200,4002,0"
2024-06-27 14:34:49.241486,"0,2504,1515,8002,0.00,0.00,2.11,23.16,312.50,0.00,0,200.00,2.00,5.00,1.00,0,20.00,0.20,0.05,0.01,0.00,0.00,0.00,0.00,0,"
2024-06-27 14:34:51.240537,"0,2504,1515,8002,0.00,0.00,0.09,22.89,312.50,0.00,0,200.00,2.00,5.00,1.00,0,20.00,0.20,0.05,0.01,0.00,0.00,0.00,0.00,0,"
2024-06-27 14:34:53.235128,"0,2504,1515,8002,0.00,0.00,0.17,23.04,312.50,0.00,0,200.00,2.00,5.00,1.00,0,20.00,0.20,0.05,0.01,0.00,0.00,0.00,0.00,0,"
2024-06-27 14:34:55.237031,"0,2504,1515,8002,0.00,0.00,-0.52,22.88,312.50,0.00,0,200.00,2.00,5.00,1.00,0,20.00,0.20,0.05,0.01,0.00,0.00,0.00,0.00,0,"
2024-06-27 14:34:57.239389,"0,2504,1515,8002,0.00,0.00,0.07,22.32,312.50,0.00,0,200.00,2.00,5.00,1.00,0,20.00,0.20,0.05,0.01,0.00,0.00,0.00,0.00,0,"
2024-06-27 14:34:59.243620,"0,2504,1515,8002,0.00,0.00,1.43,22.19,312.50,0.00,0,200.00,2.00,5.00,1.00,0,20.00,0.20,0.05,0.01,0.00,0.00,0.00,0.00,0,"
2024-06-27 14:35:01.243175,"0,2504,1515,8002,0.00,0.00,0.12,22.42,312.50,0.00,0,200.00,2.00,5.00,1.00,0,20.00,0.20,0.05,0.01,0.00,0.00,0.00,0.00,0,"
2024-06-27 14:35:03.241462,"0,2504,1515,8002,0.00,0.00,0.54,22.64,312.50,0.00,0,200.00,2.00,5.00,1.00,0,20.00,0.20,0.05,0.01,0.00,0.00,0.00,0.00,0,"
2024-06-27 14:35:05.239628,"0,2504,1515,8002,0.00,0.00,-0.68,22.38,312.50,0.00,0,200.00,2.00,5.00,1.00,0,20.00,0.20,0.05,0.01,0.00,0.00,0.00,0.00,0,"
2024-06-27 14:35:07.246244,"0,2504,1515,8002,0.00,0.00,0.17,22.05,312.50,0.00,0,200.00,2.00,5.00,1.00,0,20.00,0.20,0.05,0.01,0.00,0.00,0.00,0.00,0,"
2024-06-27 14:35:09.236810,"0,2504,1515,8002,0.00,0.00,0.89,22.05,312.50,0.00,0,200.00,2.00,5.00,1.00,0,20.00,0.20,0.05,0.01,0.00,0.00,0.00,0.00,0,"
2024-06-27 14:35:11.246121,"0,2504,1515,8002,0.00,0.00,0.11,22.36,312.50,0.00,0,200.00,2.00,5.00,1.00,0,20.00,0.20,0.05,0.01,0.00,0.00,0.00,0.00,0,"
2024-06-27 14:35:13.239661,"0,2504,1515,8002,0.00,0.00,0.61,22.60,312.50,0.00,0,200.00,2.00,5.00,1.00,0,20.00,0.20,0.05,0.01,0.00,0.00,0.00,0.00,0,"
2024-06-27 14:35:15.236097,"0,2504,1515,8002,0.00,0.00,-0.61,22.30,312.50,0.00,0,200.00,2.00,5.00,1.00,0,20.00,0.20,0.05,0.01,0.00,0.00,0.00,0.00,0,"
2024-06-27 14:35:17.235809,"0,2504,1001,46,0,"
2024-06-27 14:35:17.269515,"0,2504,1515,8002,0.00,0.00,1.89,22.11,312.50,0.00,0,200.00,2.00,5.00,1.00,0,20.00,0.20,0.05,0.01,0.00,0.00,0.00,0.00,0,"
2024-06-27 14:35:17.312761,"0,2501,1002,9999,0,0,0,0,0,0,0,0,0,0,0,0,0,0,0,0,0,0,0,30000,0,0,100,100,60000,600000,0,0,0,0.0064,0.0064,0,0,0,0,0,0,1,0,0,0,0,0,0,1,1,1,1,27,29,31,33,39,40,41,42,11,2,3,4,5,6,7,8,9,10,24,26,28,30,32,22,47,54,0,8,0,0,115200,115200,115200,4001,015200"
2024-06-27 14:35:26.574604,"0,2504,1001,50,0,"
2024-06-27 14:35:26.625109,"0,2501,1002,3000,0,0,0,0,0,0,0,0,0,0,0,0,0,0,0,0,0,0,1,116,200,150,100,100,60000,1000,37,1,0.9,0.003125,0.003125,2,5,1,1,2,0,0,2,1,1,1,1,0,1,1,0,0,27,29,31,33,39,40,41,42,11,2,3,4,5,6,7,8,9,10,24,26,28,30,32,22,47,54,0,8,0,0,115200,115200,115200,4000,0"
2024-06-27 14:35:26.682992,"0,2504,1001,46,0,"
2024-06-27 14:35:26.742676,"0,2501,1002,4034,0,0,1,1,1,1,1,0,1,1,1,1,0,0,1,0,1,0,1,60000,200,150,100,100,60000,1000,37,1,1,0.003125,0.003125,2,5,1,1,2,0,0,2,1,1,0,1,0,1,1,0,0,27,29,31,33,39,40,41,42,11,2,3,4,5,6,7,8,9,10,24,26,28,30,32,22,47,54,0,8,0,0,115200,115200,115200,4034,0"
2024-06-27 14:35:30.392172,"0,2504,1001,50,0,"
2024-06-27 14:35:30.442859,"0,2501,1002,8003,5,0,0,0,0,0,0,0,0,0,0,0,0,0,0,0,0,0,1,30000,200,20,100,100,60000,1000,20,0,0.9,0.0064,0.0064,2,5,1,0.2,0.05,0.01,1,0,0,0,0,0,0,1,1,1,1,27,29,31,33,39,40,41,42,11,2,3,4,5,6,7,8,9,10,24,26,28,30,32,22,47,54,0,8,0,0,115200,115200,115200,4003,0"
2024-06-27 14:35:32.401552,"0,2504,1515,8003,0.00,0.00,0.98,22.85,781.25,0.00,0,200.00,2.00,5.00,1.00,0,20.00,0.20,0.05,0.01,0.00,0.00,0.00,0.00,0,"
2024-06-27 14:35:34.397003,"0,2504,1515,8003,0.00,0.00,1.35,22.89,781.25,0.00,0,200.00,2.00,5.00,1.00,0,20.00,0.20,0.05,0.01,0.00,0.00,0.00,0.00,0,"
2024-06-27 14:35:36.398879,"0,2504,1515,8003,0.00,0.00,-0.06,22.15,781.25,0.00,0,200.00,2.00,5.00,1.00,0,20.00,0.20,0.05,0.01,0.00,0.00,0.00,0.00,0,"
2024-06-27 14:35:38.427643,"0,2504,1515,8003,0.00,0.00,1.78,22.29,781.25,0.00,0,200.00,2.00,5.00,1.00,0,20.00,0.20,0.05,0.01,0.00,0.00,0.00,0.00,0,"
2024-06-27 14:35:40.396102,"0,2504,1515,8003,0.00,0.00,-0.11,22.15,781.25,0.00,0,200.00,2.00,5.00,1.00,0,20.00,0.20,0.05,0.01,0.00,0.00,0.00,0.00,0,"
2024-06-27 14:35:42.402872,"0,2504,1515,8003,0.00,0.00,2.38,22.36,781.25,0.00,0,200.00,2.00,5.00,1.00,0,20.00,0.20,0.05,0.01,0.00,0.00,0.00,0.00,0,"
2024-06-27 14:35:44.398205,"0,2504,1515,8003,0.00,0.00,-0.12,22.24,781.25,0.00,0,200.00,2.00,5.00,1.00,0,20.00,0.20,0.05,0.01,0.00,0.00,0.00,0.00,0,"
2024-06-27 14:35:46.400016,"0,2504,1515,8003,0.00,0.00,2.28,22.36,781.25,0.00,0,200.00,2.00,5.00,1.00,0,20.00,0.20,0.05,0.01,0.00,0.00,0.00,0.00,0,"
2024-06-27 14:35:48.409058,"0,2504,1515,8003,0.00,0.00,-0.12,22.41,781.25,0.00,0,200.00,2.00,5.00,1.00,0,20.00,0.20,0.05,0.01,0.00,0.00,0.00,0.00,0,"
2024-06-27 14:35:50.397115,"0,2504,1515,8003,0.00,0.00,1.74,22.50,781.25,0.00,0,200.00,2.00,5.00,1.00,0,20.00,0.20,0.05,0.01,0.00,0.00,0.00,0.00,0,"
2024-06-27 14:35:52.393925,"0,2504,1515,8003,0.00,0.00,-0.07,22.55,781.25,0.00,0,200.00,2.00,5.00,1.00,0,20.00,0.20,0.05,0.01,0.00,0.00,0.00,0.00,0,"
2024-06-27 14:35:54.402333,"0,2504,1515,8003,0.00,0.00,1.56,22.55,781.25,0.00,0,200.00,2.00,5.00,1.00,0,20.00,0.20,0.05,0.01,0.00,0.00,0.00,0.00,0,"
2024-06-27 14:35:56.402081,"0,2504,1515,8003,0.00,0.00,-0.04,22.61,781.25,0.00,0,200.00,2.00,5.00,1.00,0,20.00,0.20,0.05,0.01,0.00,0.00,0.00,0.00,0,"
2024-06-27 14:35:58.400060,"0,2504,1515,8003,0.00,0.00,0.94,22.44,781.25,0.00,0,200.00,2.00,5.00,1.00,0,20.00,0.20,0.05,0.01,0.00,0.00,0.00,0.00,0,"
2024-06-27 14:36:00.392602,"0,2504,1001,46,0,"
2024-06-27 14:36:00.462605,"0,2504,1515,8003,0.00,0.00,0.00,22.67,781.25,0.00,0,200.00,2.00,5.00,1.00,0,20.00,0.20,0.05,0.01,0.00,0.00,0.00,0.00,0,"
2024-06-27 14:36:00.574347,"0,2501,1002,9999,0,0,0,0,0,0,0,0,0,0,0,0,0,0,0,0,0,0,0,30000,0,0,100,100,60000,600000,0,0,0,0.0064,0.0064,0,0,0,0,0,0,1,0,0,0,0,0,0,1,1,1,1,27,29,31,33,39,40,41,42,11,2,3,4,5,6,7,8,9,10,24,26,28,30,32,22,47,54,0,8,0,0,115200,115200,115200,4001,015200"
2024-06-27 14:36:12.627074,"0,2504,1001,50,0,"
2024-06-27 14:36:12.690712,"0,2501,1002,3000,0,0,0,0,0,0,0,0,0,0,0,0,0,0,0,0,0,0,1,116,200,150,100,100,60000,1000,37,1,0.9,0.003125,0.003125,2,5,1,1,2,0,0,2,1,1,1,1,0,1,1,0,0,27,29,31,33,39,40,41,42,11,2,3,4,5,6,7,8,9,10,24,26,28,30,32,22,47,54,0,8,0,0,115200,115200,115200,4000,0"
2024-06-27 14:36:14.230562,"0,2504,1001,50,0,"
2024-06-27 14:36:14.311213,"0,2501,1002,8004,10,0,0,0,0,0,0,0,0,0,0,0,0,0,0,0,0,0,1,30000,200,20,100,100,60000,1000,20,0,0.9,0.0064,0.0064,2,5,1,0.2,0.05,0.01,1,0,0,0,0,0,0,1,1,1,1,27,29,31,33,39,40,41,42,11,2,3,4,5,6,7,8,9,10,24,26,28,30,32,22,47,54,0,8,0,0,115200,115200,115200,4004,0"
2024-06-27 14:36:16.232803,"0,2504,1515,8004,0.00,0.00,0.86,22.94,1562.50,0.00,0,200.00,2.00,5.00,1.00,0,20.00,0.20,0.05,0.01,0.00,0.00,0.00,0.00,0,"
2024-06-27 14:36:18.233652,"0,2504,1515,8004,0.00,0.00,0.88,22.34,1562.50,0.00,0,200.00,2.00,5.00,1.00,0,20.00,0.20,0.05,0.01,0.00,0.00,0.00,0.00,0,"
2024-06-27 14:36:20.237440,"0,2504,1515,8004,0.00,0.00,0.68,22.25,1562.50,0.00,0,200.00,2.00,5.00,1.00,0,20.00,0.20,0.05,0.01,0.00,0.00,0.00,0.00,0,"
2024-06-27 14:36:22.237063,"0,2504,1515,8004,0.00,0.00,0.69,22.26,1562.50,0.00,0,200.00,2.00,5.00,1.00,0,20.00,0.20,0.05,0.01,0.00,0.00,0.00,0.00,0,"
2024-06-27 14:36:24.231884,"0,2504,1515,8004,0.00,0.00,0.80,22.30,1562.50,0.00,0,200.00,2.00,5.00,1.00,0,20.00,0.20,0.05,0.01,0.00,0.00,0.00,0.00,0,"
2024-06-27 14:36:26.237276,"0,2504,1515,8004,0.00,0.00,0.65,22.34,1562.50,0.00,0,200.00,2.00,5.00,1.00,0,20.00,0.20,0.05,0.01,0.00,0.00,0.00,0.00,0,"
2024-06-27 14:36:28.234082,"0,2504,1515,8004,0.00,0.00,0.76,22.38,1562.50,0.00,0,200.00,2.00,5.00,1.00,0,20.00,0.20,0.05,0.01,0.00,0.00,0.00,0.00,0,"
2024-06-27 14:36:30.264631,"0,2504,1515,8004,0.00,0.00,0.77,22.42,1562.50,0.00,0,200.00,2.00,5.00,1.00,0,20.00,0.20,0.05,0.01,0.00,0.00,0.00,0.00,0,"
2024-06-27 14:36:32.229303,"0,2504,1515,8004,0.00,0.00,0.65,22.42,1562.50,0.00,0,200.00,2.00,5.00,1.00,0,20.00,0.20,0.05,0.01,0.00,0.00,0.00,0.00,0,"
2024-06-27 14:36:34.232626,"0,2504,1515,8004,0.00,0.00,0.70,22.44,1562.50,0.00,0,200.00,2.00,5.00,1.00,0,20.00,0.20,0.05,0.01,0.00,0.00,0.00,0.00,0,"
2024-06-27 14:36:36.232459,"0,2504,1515,8004,0.00,0.00,-0.14,22.42,1562.50,0.00,0,200.00,2.00,5.00,1.00,0,20.00,0.20,0.05,0.01,0.00,0.00,0.00,0.00,0,"
2024-06-27 14:36:38.234885,"0,2504,1515,8004,0.00,0.00,-0.62,22.52,1562.50,0.00,0,200.00,2.00,5.00,1.00,0,20.00,0.20,0.05,0.01,0.00,0.00,0.00,0.00,0,"
2024-06-27 14:36:40.268710,"0,2504,1515,8004,0.00,0.00,-0.30,22.48,1562.50,0.00,0,200.00,2.00,5.00,1.00,0,20.00,0.20,0.05,0.01,0.00,0.00,0.00,0.00,0,"
2024-06-27 14:36:42.237904,"0,2504,1515,8004,0.00,0.00,-0.13,22.56,1562.50,0.00,0,200.00,2.00,5.00,1.00,0,20.00,0.20,0.05,0.01,0.00,0.00,0.00,0.00,0,"
2024-06-27 14:36:44.223574,"0,2504,1001,46,0,"
2024-06-27 14:36:44.306120,"0,2504,1515,8004,0.00,0.00,-0.16,22.59,1562.50,0.00,0,200.00,2.00,5.00,1.00,0,20.00,0.20,0.05,0.01,0.00,0.00,0.00,0.00,0,"
2024-06-27 14:36:44.345129,"0,2501,1002,9999,0,0,0,0,0,0,0,0,0,0,0,0,0,0,0,0,0,0,0,30000,0,0,100,100,60000,600000,0,0,0,0.0064,0.0064,0,0,0,0,0,0,1,0,0,0,0,0,0,1,1,1,1,27,29,31,33,39,40,41,42,11,2,3,4,5,6,7,8,9,10,24,26,28,30,32,22,47,54,0,8,0,0,115200,115200,115200,4001,0115200"
2024-06-27 14:36:54.760464,"0,2504,1001,50,0,"
2024-06-27 14:36:54.808089,"0,2501,1002,3000,0,0,0,0,0,0,0,0,0,0,0,0,0,0,0,0,0,0,1,116,200,150,100,100,60000,1000,37,1,0.9,0.003125,0.003125,2,5,1,1,2,0,0,2,1,1,1,1,0,1,1,0,0,27,29,31,33,39,40,41,42,11,2,3,4,5,6,7,8,9,10,24,26,28,30,32,22,47,54,0,8,0,0,115200,115200,115200,4000,0"
2024-06-27 14:36:54.863375,"0,2504,1001,46,0,"
2024-06-27 14:36:54.924681,"0,2501,1002,4034,0,0,1,1,1,1,1,0,1,1,1,1,0,0,1,0,1,0,1,60000,200,150,100,100,60000,1000,37,1,1,0.003125,0.003125,2,5,1,1,2,0,0,2,1,1,0,1,0,1,1,0,0,27,29,31,33,39,40,41,42,11,2,3,4,5,6,7,8,9,10,24,26,28,30,32,22,47,54,0,8,0,0,115200,115200,115200,4034,0"
2024-06-27 14:36:56.974219,"0,2504,1001,50,0,"
2024-06-27 14:36:57.042122,"0,2501,1002,3000,0,0,0,0,0,0,0,0,0,0,0,0,0,0,0,0,0,0,1,116,200,150,100,100,60000,1000,37,1,0.9,0.003125,0.003125,2,5,1,1,2,0,0,2,1,1,1,1,0,1,1,0,0,27,29,31,33,39,40,41,42,11,2,3,4,5,6,7,8,9,10,24,26,28,30,32,22,47,54,0,8,0,0,115200,115200,115200,4000,0"
2024-06-27 14:36:57.081556,"0,2504,1001,46,0,"
2024-06-27 14:36:57.143444,"0,2501,1002,4034,0,0,1,1,1,1,1,0,1,1,1,1,0,0,1,0,1,0,1,60000,200,150,100,100,60000,1000,37,1,1,0.003125,0.003125,2,5,1,1,2,0,0,2,1,1,0,1,0,1,1,0,0,27,29,31,33,39,40,41,42,11,2,3,4,5,6,7,8,9,10,24,26,28,30,32,22,47,54,0,8,0,0,115200,115200,115200,4034,0"
2024-06-27 14:37:13.341220,"0,2504,1515,4034,0.00,145.00,0.00,0.00,0.00,0.00,0,200.00,2.00,5.00,1.00,0,150.00,1.00,2.00,0.00,0.00,-300.00,-300.00,0.00,0,"
2024-06-27 14:37:13.353526,"0,2504,1515,4034,0.00,145.00,0.00,0.00,0.00,0.00,0,200.00,2.00,5.00,1.00,0,150.00,1.00,2.00,0.00,0.00,-300.00,-300.00,0.00,0,"
2024-06-27 14:37:13.542576,"0,2504,1001,50,0,"
2024-06-27 14:37:13.606811,"0,2501,1002,3000,0,0,0,0,0,0,0,0,0,0,0,0,0,0,0,0,0,0,1,116,200,150,100,100,60000,1000,37,1,0.9,0.003125,0.003125,2,5,1,1,2,0,0,2,1,1,1,1,0,1,1,0,0,27,29,31,33,39,40,41,42,11,2,3,4,5,6,7,8,9,10,24,26,28,30,32,22,47,54,0,8,0,0,115200,115200,115200,4000,0"
2024-06-27 14:37:13.658388,"0,2504,1001,46,0,"
2024-06-27 14:37:13.707504,"0,2501,1002,4034,0,0,1,1,1,1,1,0,1,1,1,1,0,0,1,0,1,0,1,60000,200,150,100,100,60000,1000,37,1,1,0.003125,0.003125,2,5,1,1,2,0,0,2,1,1,0,1,0,1,1,0,0,27,29,31,33,39,40,41,42,11,2,3,4,5,6,7,8,9,10,24,26,28,30,32,22,47,54,0,8,0,0,115200,115200,115200,4034,0"
2024-06-27 14:37:59.689046,"04,1515,4034,0.00,145.00,0.00,0.00,0.00,0.00,0,200.00,2.00,5.00,1.00,0,150.00,1.00,2.00,0.00,0.00,-300.00,-300.00,0.00,0,"
2024-06-27 14:37:59.897934,"0,2504,1001,50,0,"
2024-06-27 14:37:59.955488,"0,2501,1002,8005,50,0,0,0,0,0,0,0,0,0,0,0,0,0,0,0,0,0,1,30000,200,20,100,100,60000,1000,20,0,0.9,0.0064,0.0064,2,5,1,0.2,0.05,0.01,1,0,0,0,0,0,0,1,1,1,1,27,29,31,33,39,40,41,42,11,2,3,4,5,6,7,8,9,10,24,26,28,30,32,22,47,54,0,8,0,0,115200,115200,115200,4005,0"
2024-06-27 14:38:01.903778,"0,2504,1515,8005,0.00,0.00,5.22,22.51,7812.50,0.00,0,200.00,2.00,5.00,1.00,0,20.00,0.20,0.05,0.01,0.00,0.00,0.00,0.00,0,"
2024-06-27 14:38:03.898308,"0,2504,1515,8005,0.00,0.00,5.38,22.00,7812.50,0.00,0,200.00,2.00,5.00,1.00,0,20.00,0.20,0.05,0.01,0.00,0.00,0.00,0.00,0,"
2024-06-27 14:38:05.903783,"0,2504,1515,8005,0.00,0.00,5.55,22.26,7812.50,0.00,0,200.00,2.00,5.00,1.00,0,20.00,0.20,0.05,0.01,0.00,0.00,0.00,0.00,0,"
2024-06-27 14:38:07.905763,"0,2504,1515,8005,0.00,0.00,5.23,22.27,7812.50,0.00,0,200.00,2.00,5.00,1.00,0,20.00,0.20,0.05,0.01,0.00,0.00,0.00,0.00,0,"
2024-06-27 14:38:09.908311,"0,2504,1515,8005,0.00,0.00,5.56,22.26,7812.50,0.00,0,200.00,2.00,5.00,1.00,0,20.00,0.20,0.05,0.01,0.00,0.00,0.00,0.00,0,"
2024-06-27 14:38:11.906536,"0,2504,1515,8005,0.00,0.00,5.50,22.38,7812.50,0.00,0,200.00,2.00,5.00,1.00,0,20.00,0.20,0.05,0.01,0.00,0.00,0.00,0.00,0,"
2024-06-27 14:38:13.904458,"0,2504,1515,8005,0.00,0.00,5.53,22.25,7812.50,0.00,0,200.00,2.00,5.00,1.00,0,20.00,0.20,0.05,0.01,0.00,0.00,0.00,0.00,0,"
2024-06-27 14:38:15.904033,"0,2504,1515,8005,0.00,0.00,5.03,22.28,7812.50,0.00,0,200.00,2.00,5.00,1.00,0,20.00,0.20,0.05,0.01,0.00,0.00,0.00,0.00,0,"
2024-06-27 14:38:17.902248,"0,2504,1515,8005,0.00,0.00,5.31,22.33,7812.50,0.00,0,200.00,2.00,5.00,1.00,0,20.00,0.20,0.05,0.01,0.00,0.00,0.00,0.00,0,"
2024-06-27 14:38:19.904552,"0,2504,1515,8005,0.00,0.00,5.58,22.33,7812.50,0.00,0,200.00,2.00,5.00,1.00,0,20.00,0.20,0.05,0.01,0.00,0.00,0.00,0.00,0,"
2024-06-27 14:38:21.904850,"0,2504,1515,8005,0.00,0.00,5.30,22.33,7812.50,0.00,0,200.00,2.00,5.00,1.00,0,20.00,0.20,0.05,0.01,0.00,0.00,0.00,0.00,0,"
2024-06-27 14:38:23.903182,"0,2504,1515,8005,0.00,0.00,5.52,22.33,7812.50,0.00,0,200.00,2.00,5.00,1.00,0,20.00,0.20,0.05,0.01,0.00,0.00,0.00,0.00,0,"
2024-06-27 14:38:25.906613,"0,2504,1515,8005,0.00,0.00,5.41,22.33,7812.50,0.00,0,200.00,2.00,5.00,1.00,0,20.00,0.20,0.05,0.01,0.00,0.00,0.00,0.00,0,"
2024-06-27 14:38:27.906274,"0,2504,1515,8005,0.00,0.00,5.45,22.33,7812.50,0.00,0,200.00,2.00,5.00,1.00,0,20.00,0.20,0.05,0.01,0.00,0.00,0.00,0.00,0,"
2024-06-27 14:38:29.891422,"0,2504,1001,46,0,"
2024-06-27 14:38:29.921728,"0,2504,1515,8005,0.00,0.00,5.40,22.32,7812.50,0.00,0,200.00,2.00,5.00,1.00,0,20.00,0.20,0.05,0.01,0.00,0.00,0.00,0.00,0,"
2024-06-27 14:38:29.962698,"0,2501,1002,9999,0,0,0,0,0,0,0,0,0,0,0,0,0,0,0,0,0,0,0,30000,0,0,100,100,60000,600000,0,0,0,0.0064,0.0064,0,0,0,0,0,0,1,0,0,0,0,0,0,1,1,1,1,27,29,31,33,39,40,41,42,11,2,3,4,5,6,7,8,9,10,24,26,28,30,32,22,47,54,0,8,0,0,115200,115200,115200,4001,0115200"
2024-06-27 14:38:38.599202,"0,2504,1001,50,0,"
2024-06-27 14:38:38.670177,"0,2501,1002,3000,0,0,0,0,0,0,0,0,0,0,0,0,0,0,0,0,0,0,1,116,200,150,100,100,60000,1000,37,1,0.9,0.003125,0.003125,2,5,1,1,2,0,0,2,1,1,1,1,0,1,1,0,0,27,29,31,33,39,40,41,42,11,2,3,4,5,6,7,8,9,10,24,26,28,30,32,22,47,54,0,8,0,0,115200,115200,115200,4000,0"
2024-06-27 14:38:38.710895,"0,2504,1001,46,0,"
2024-06-27 14:38:38.771814,"0,2501,1002,4034,0,0,1,1,1,1,1,0,1,1,1,1,0,0,1,0,1,0,1,60000,200,150,100,100,60000,1000,37,1,1,0.003125,0.003125,2,5,1,1,2,0,0,2,1,1,0,1,0,1,1,0,0,27,29,31,33,39,40,41,42,11,2,3,4,5,6,7,8,9,10,24,26,28,30,32,22,47,54,0,8,0,0,115200,115200,115200,4034,0"
2024-06-27 14:38:40.766539,"0,2504,1001,50,0,"
2024-06-27 14:38:40.879232,"0,2501,1002,3000,0,0,0,0,0,0,0,0,0,0,0,0,0,0,0,0,0,0,1,116,200,150,100,100,60000,1000,37,1,0.9,0.003125,0.003125,2,5,1,1,2,0,0,2,1,1,1,1,0,1,1,0,0,27,29,31,33,39,40,41,42,11,2,3,4,5,6,7,8,9,10,24,26,28,30,32,22,47,54,0,8,0,0,115200,115200,115200,4000,0"
2024-06-27 14:38:40.890481,"0,2504,1001,46,0,"
2024-06-27 14:38:40.949984,"0,2501,1002,4034,0,0,1,1,1,1,1,0,1,1,1,1,0,0,1,0,1,0,1,60000,200,150,100,100,60000,1000,37,1,1,0.003125,0.003125,2,5,1,1,2,0,0,2,1,1,0,1,0,1,1,0,0,27,29,31,33,39,40,41,42,11,2,3,4,5,6,7,8,9,10,24,26,28,30,32,22,47,54,0,8,0,0,115200,115200,115200,4034,0"
2024-06-27 14:38:49.858420,"2504,1515,4034,0.00,143.00,0.00,0.00,0.00,0.00,0,200.00,2.00,5.00,1.00,0,150.00,1.00,2.00,0.00,0.00,-300.00,-300.00,0.00,0,"
2024-06-27 14:38:49.860853,"0,2504,1515,4034,0.00,143.00,0.00,0.00,0.00,0.00,0,200.00,2.00,5.00,1.00,0,150.00,1.00,2.00,0.00,0.00,-300.00,-300.00,0.00,0,"
2024-06-27 14:38:50.064279,"0,2504,1001,50,0,"
2024-06-27 14:38:50.159653,"0,2501,1002,8006,100,0,0,0,0,0,0,0,0,0,0,0,0,0,0,0,0,0,1,30000,200,20,100,100,60000,1000,20,0,0.9,0.0064,0.0064,2,5,1,0.2,0.05,0.01,1,0,0,0,0,0,0,1,1,1,1,27,29,31,33,39,40,41,42,11,2,3,4,5,6,7,8,9,10,24,26,28,30,32,22,47,54,0,8,0,0,115200,115200,115200,4006,0"
2024-06-27 14:38:52.074842,"0,2504,1515,8006,0.00,0.00,-0.51,22.29,15625.00,0.00,0,200.00,2.00,5.00,1.00,0,20.00,0.20,0.05,0.01,0.00,0.00,0.00,0.00,0,"
2024-06-27 14:38:54.078622,"0,2504,1515,8006,0.00,0.00,-0.69,22.32,15625.00,0.00,0,200.00,2.00,5.00,1.00,0,20.00,0.20,0.05,0.01,0.00,0.00,0.00,0.00,0,"
2024-06-27 14:38:56.078335,"0,2504,1515,8006,0.00,0.00,-0.62,22.25,15625.00,0.00,0,200.00,2.00,5.00,1.00,0,20.00,0.20,0.05,0.01,0.00,0.00,0.00,0.00,0,"
2024-06-27 14:38:58.078828,"0,2504,1515,8006,0.00,0.00,-0.80,22.27,15625.00,0.00,0,200.00,2.00,5.00,1.00,0,20.00,0.20,0.05,0.01,0.00,0.00,0.00,0.00,0,"
2024-06-27 14:39:00.076939,"0,2504,1515,8006,0.00,0.00,-0.83,22.23,15625.00,0.00,0,200.00,2.00,5.00,1.00,0,20.00,0.20,0.05,0.01,0.00,0.00,0.00,0.00,0,"
2024-06-27 14:39:02.074349,"0,2504,1515,8006,0.00,0.00,-0.86,22.26,15625.00,0.00,0,200.00,2.00,5.00,1.00,0,20.00,0.20,0.05,0.01,0.00,0.00,0.00,0.00,0,"
2024-06-27 14:39:04.069326,"0,2504,1515,8006,0.00,0.00,-0.86,22.34,15625.00,0.00,0,200.00,2.00,5.00,1.00,0,20.00,0.20,0.05,0.01,0.00,0.00,0.00,0.00,0,"
2024-06-27 14:39:06.077461,"0,2504,1515,8006,0.00,0.00,-0.79,22.26,15625.00,0.00,0,200.00,2.00,5.00,1.00,0,20.00,0.20,0.05,0.01,0.00,0.00,0.00,0.00,0,"
2024-06-27 14:39:08.080402,"0,2504,1515,8006,0.00,0.00,-0.85,22.33,15625.00,0.00,0,200.00,2.00,5.00,1.00,0,20.00,0.20,0.05,0.01,0.00,0.00,0.00,0.00,0,"
2024-06-27 14:39:10.077342,"0,2504,1515,8006,0.00,0.00,-0.69,22.34,15625.00,0.00,0,200.00,2.00,5.00,1.00,0,20.00,0.20,0.05,0.01,0.00,0.00,0.00,0.00,0,"
2024-06-27 14:39:12.073242,"0,2504,1515,8006,0.00,0.00,-0.96,22.31,15625.00,0.00,0,200.00,2.00,5.00,1.00,0,20.00,0.20,0.05,0.01,0.00,0.00,0.00,0.00,0,"
2024-06-27 14:39:14.075821,"0,2504,1515,8006,0.00,0.00,-0.74,22.28,15625.00,0.00,0,200.00,2.00,5.00,1.00,0,20.00,0.20,0.05,0.01,0.00,0.00,0.00,0.00,0,"
2024-06-27 14:39:16.076208,"0,2504,1515,8006,0.00,0.00,-0.83,22.29,15625.00,0.00,0,200.00,2.00,5.00,1.00,0,20.00,0.20,0.05,0.01,0.00,0.00,0.00,0.00,0,"
2024-06-27 14:39:18.079335,"0,2504,1515,8006,0.00,0.00,-0.73,22.25,15625.00,0.00,0,200.00,2.00,5.00,1.00,0,20.00,0.20,0.05,0.01,0.00,0.00,0.00,0.00,0,"
2024-06-27 14:39:20.069164,"0,2504,1001,46,0,"
2024-06-27 14:39:20.100592,"0,2504,1515,8006,0.00,0.00,-0.60,22.31,15625.00,0.00,0,200.00,2.00,5.00,1.00,0,20.00,0.20,0.05,0.01,0.00,0.00,0.00,0.00,0,"
2024-06-27 14:39:20.126763,"0,2501,1002,9999,0,0,0,0,0,0,0,0,0,0,0,0,0,0,0,0,0,0,0,30000,0,0,100,100,60000,600000,0,0,0,0.0064,0.0064,0,0,0,0,0,0,1,0,0,0,0,0,0,1,1,1,1,27,29,31,33,39,40,41,42,11,2,3,4,5,6,7,8,9,10,24,26,28,30,32,22,47,54,0,8,0,0,115200,115200,115200,4001,0"
2024-06-27 14:39:36.133629,"0,2504,1001,50,0,"
2024-06-27 14:39:36.209324,"0,2501,1002,3000,0,0,0,0,0,0,0,0,0,0,0,0,0,0,0,0,0,0,1,116,200,150,100,100,60000,1000,37,1,0.9,0.003125,0.003125,2,5,1,1,2,0,0,2,1,1,1,1,0,1,1,0,0,27,29,31,33,39,40,41,42,11,2,3,4,5,6,7,8,9,10,24,26,28,30,32,22,47,54,0,8,0,0,115200,115200,115200,4000,0"
2024-06-27 14:39:36.238604,"0,2504,1001,46,0,"
2024-06-27 14:39:36.301085,"0,2501,1002,4034,0,0,1,1,1,1,1,0,1,1,1,1,0,0,1,0,1,0,1,60000,200,150,100,100,60000,1000,37,1,1,0.003125,0.003125,2,5,1,1,2,0,0,2,1,1,0,1,0,1,1,0,0,27,29,31,33,39,40,41,42,11,2,3,4,5,6,7,8,9,10,24,26,28,30,32,22,47,54,0,8,0,0,115200,115200,115200,4034,0"
2024-06-27 14:39:38.323509,"0,2504,1001,50,0,"
2024-06-27 14:39:38.384143,"0,2501,1002,3000,0,0,0,0,0,0,0,0,0,0,0,0,0,0,0,0,0,0,1,116,200,150,100,100,60000,1000,37,1,0.9,0.003125,0.003125,2,5,1,1,2,0,0,2,1,1,1,1,0,1,1,0,0,27,29,31,33,39,40,41,42,11,2,3,4,5,6,7,8,9,10,24,26,28,30,32,22,47,54,0,8,0,0,115200,115200,115200,4000,0"
2024-06-27 14:39:38.438003,"0,2504,1001,46,0,"
2024-06-27 14:39:38.496189,"0,2501,1002,4034,0,0,1,1,1,1,1,0,1,1,1,1,0,0,1,0,1,0,1,60000,200,150,100,100,60000,1000,37,1,1,0.003125,0.003125,2,5,1,1,2,0,0,2,1,1,0,1,0,1,1,0,0,27,29,31,33,39,40,41,42,11,2,3,4,5,6,7,8,9,10,24,26,28,30,32,22,47,54,0,8,0,0,115200,115200,115200,4034,0"
2024-06-27 14:39:47.607758,"2504,1515,4034,0.00,144.00,0.00,0.00,0.00,0.00,0,200.00,2.00,5.00,1.00,0,150.00,1.00,2.00,0.00,0.00,-300.00,-300.00,0.00,0,"
2024-06-27 14:39:47.616713,"0,2504,1515,4034,0.00,144.00,0.00,0.00,0.00,0.00,0,200.00,2.00,5.00,1.00,0,150.00,1.00,2.00,0.00,0.00,-300.00,-300.00,0.00,0,"
2024-06-27 14:39:47.818676,"0,2504,1001,50,0,"
2024-06-27 14:39:47.875565,"0,2501,1002,8007,500,0,0,0,0,0,0,0,0,0,0,0,0,0,0,0,0,0,1,30000,200,20,100,100,60000,1000,20,0,0.9,0.0064,0.0064,2,5,1,0.2,0.05,0.01,1,0,0,0,0,0,0,1,1,1,1,27,29,31,33,39,40,41,42,11,2,3,4,5,6,7,8,9,10,24,26,28,30,32,22,47,54,0,8,0,0,115200,115200,115200,4007,0"
2024-06-27 14:39:49.824817,"0,2504,1515,8007,0.00,0.00,13.71,21.94,78125.00,0.00,0,200.00,2.00,5.00,1.00,0,20.00,0.20,0.05,0.01,0.00,0.00,0.00,0.00,0,"
2024-06-27 14:39:51.821012,"0,2504,1515,8007,0.00,0.00,14.73,22.23,78125.00,0.00,0,200.00,2.00,5.00,1.00,0,20.00,0.20,0.05,0.01,0.00,0.00,0.00,0.00,0,"
2024-06-27 14:39:53.823606,"0,2504,1515,8007,0.00,0.00,14.65,22.19,78125.00,0.00,0,200.00,2.00,5.00,1.00,0,20.00,0.20,0.05,0.01,0.00,0.00,0.00,0.00,0,"
2024-06-27 14:39:55.825363,"0,2504,1515,8007,0.00,0.00,13.96,22.19,78125.00,0.00,0,200.00,2.00,5.00,1.00,0,20.00,0.20,0.05,0.01,0.00,0.00,0.00,0.00,0,"
2024-06-27 14:39:57.819956,"0,2504,1515,8007,0.00,0.00,13.31,22.25,78125.00,0.00,0,200.00,2.00,5.00,1.00,0,20.00,0.20,0.05,0.01,0.00,0.00,0.00,0.00,0,"
2024-06-27 14:39:59.825550,"0,2504,1515,8007,0.00,0.00,13.13,22.23,78125.00,0.00,0,200.00,2.00,5.00,1.00,0,20.00,0.20,0.05,0.01,0.00,0.00,0.00,0.00,0,"
2024-06-27 14:40:01.825303,"0,2504,1515,8007,0.00,0.00,12.14,22.26,78125.00,0.00,0,200.00,2.00,5.00,1.00,0,20.00,0.20,0.05,0.01,0.00,0.00,0.00,0.00,0,"
2024-06-27 14:40:03.828620,"0,2504,1515,8007,0.00,0.00,11.07,22.23,78125.00,0.00,0,200.00,2.00,5.00,1.00,0,20.00,0.20,0.05,0.01,0.00,0.00,0.00,0.00,0,"
2024-06-27 14:40:05.823809,"0,2504,1515,8007,0.00,0.00,5.68,22.16,78125.00,0.00,0,200.00,2.00,5.00,1.00,0,20.00,0.20,0.05,0.01,0.00,0.00,0.00,0.00,0,"
2024-06-27 14:40:07.828233,"0,2504,1515,8007,0.00,0.00,5.88,22.26,78125.00,0.00,0,200.00,2.00,5.00,1.00,0,20.00,0.20,0.05,0.01,0.00,0.00,0.00,0.00,0,"
2024-06-27 14:40:09.825382,"0,2504,1515,8007,0.00,0.00,6.05,22.21,78125.00,0.00,0,200.00,2.00,5.00,1.00,0,20.00,0.20,0.05,0.01,0.00,0.00,0.00,0.00,0,"
2024-06-27 14:40:11.827839,"0,2504,1515,8007,0.00,0.00,5.74,22.25,78125.00,0.00,0,200.00,2.00,5.00,1.00,0,20.00,0.20,0.05,0.01,0.00,0.00,0.00,0.00,0,"
2024-06-27 14:40:13.825084,"0,2504,1515,8007,0.00,0.00,6.00,22.24,78125.00,0.00,0,200.00,2.00,5.00,1.00,0,20.00,0.20,0.05,0.01,0.00,0.00,0.00,0.00,0,"
2024-06-27 14:40:15.817940,"0,2504,1515,8007,0.00,0.00,5.77,22.24,78125.00,0.00,0,200.00,2.00,5.00,1.00,0,20.00,0.20,0.05,0.01,0.00,0.00,0.00,0.00,0,"
2024-06-27 14:40:17.816419,"0,2504,1001,46,0,"
2024-06-27 14:40:17.938023,"0,2504,1515,8007,0.00,0.00,5.40,22.26,78125.00,0.00,0,200.00,2.00,5.00,1.00,0,20.00,0.20,0.05,0.01,0.00,0.00,0.00,0.00,0,"
2024-06-27 14:40:17.957277,"0,2501,1002,9999,0,0,0,0,0,0,0,0,0,0,0,0,0,0,0,0,0,0,0,30000,0,0,100,100,60000,600000,0,0,0,0.0064,0.0064,0,0,0,0,0,0,1,0,0,0,0,0,0,1,1,1,1,27,29,31,33,39,40,41,42,11,2,3,4,5,6,7,8,9,10,24,26,28,30,32,22,47,54,0,8,0,0,115200,115200,115200,4001,0"
2024-06-27 14:40:28.831226,"0,2504,1001,50,0,"
2024-06-27 14:40:28.882129,"0,2501,1002,3000,0,0,0,0,0,0,0,0,0,0,0,0,0,0,0,0,0,0,1,116,200,150,100,100,60000,1000,37,1,0.9,0.003125,0.003125,2,5,1,1,2,0,0,2,1,1,1,1,0,1,1,0,0,27,29,31,33,39,40,41,42,11,2,3,4,5,6,7,8,9,10,24,26,28,30,32,22,47,54,0,8,0,0,115200,115200,115200,4000,0"
2024-06-27 14:40:28.936923,"0,2504,1001,46,0,"
2024-06-27 14:40:28.994607,"0,2501,1002,4034,0,0,1,1,1,1,1,0,1,1,1,1,0,0,1,0,1,0,1,60000,200,150,100,100,60000,1000,37,1,1,0.003125,0.003125,2,5,1,1,2,0,0,2,1,1,0,1,0,1,1,0,0,27,29,31,33,39,40,41,42,11,2,3,4,5,6,7,8,9,10,24,26,28,30,32,22,47,54,0,8,0,0,115200,115200,115200,4034,0"
2024-06-27 14:40:30.933190,"0,2504,1001,50,0,"
2024-06-27 14:40:30.987924,"0,2501,1002,3000,0,0,0,0,0,0,0,0,0,0,0,0,0,0,0,0,0,0,1,116,200,150,100,100,60000,1000,37,1,0.9,0.003125,0.003125,2,5,1,1,2,0,0,2,1,1,1,1,0,1,1,0,0,27,29,31,33,39,40,41,42,11,2,3,4,5,6,7,8,9,10,24,26,28,30,32,22,47,54,0,8,0,0,115200,115200,115200,4000,0"
2024-06-27 14:40:30.993935,"0,2504,1001,46,0,"
2024-06-27 14:40:31.036463,"0,2501,1002,4034,0,0,1,1,1,1,1,0,1,1,1,1,0,0,1,0,1,0,1,60000,200,150,100,100,60000,1000,37,1,1,0.003125,0.003125,2,5,1,1,2,0,0,2,1,1,0,1,0,1,1,0,0,27,29,31,33,39,40,41,42,11,2,3,4,5,6,7,8,9,10,24,26,28,30,32,22,47,54,0,8,0,0,115200,115200,115200,4034,0"
2024-06-27 14:40:37.486556,"0,2504,1515,4034,0.00,142.00,0.00,0.00,0.00,0.00,0,200.00,2.00,5.00,1.00,0,150.00,1.00,2.00,0.00,0.00,-300.00,-300.00,0.00,0,"
2024-06-27 14:40:37.696524,"0,2504,1001,50,0,"
2024-06-27 14:40:37.757101,"0,2501,1002,8008,1000,0,0,0,0,0,0,0,0,0,0,0,0,0,0,0,0,0,1,30000,200,20,100,100,60000,1000,20,0,0.9,0.0064,0.0064,2,5,1,0.2,0.05,0.01,1,0,0,0,0,0,0,1,1,1,1,27,29,31,33,39,40,41,42,11,2,3,4,5,6,7,8,9,10,24,26,28,30,32,22,47,54,0,8,0,0,115200,115200,115200,4008,0"
2024-06-27 14:40:39.706215,"0,2504,1515,8008,0.00,0.00,3.58,22.02,100000.00,0.00,0,200.00,2.00,5.00,1.00,0,20.00,0.20,0.05,0.01,0.00,0.00,0.00,0.00,0,"
2024-06-27 14:40:41.706584,"0,2504,1515,8008,0.00,0.00,4.29,22.25,100000.00,0.00,0,200.00,2.00,5.00,1.00,0,20.00,0.20,0.05,0.01,0.00,0.00,0.00,0.00,0,"
2024-06-27 14:40:43.703258,"0,2504,1515,8008,0.00,0.00,4.36,22.26,100000.00,0.00,0,200.00,2.00,5.00,1.00,0,20.00,0.20,0.05,0.01,0.00,0.00,0.00,0.00,0,"
2024-06-27 14:40:45.705707,"0,2504,1515,8008,0.00,0.00,4.41,22.25,100000.00,0.00,0,200.00,2.00,5.00,1.00,0,20.00,0.20,0.05,0.01,0.00,0.00,0.00,0.00,0,"
2024-06-27 14:40:47.706874,"0,2504,1515,8008,0.00,0.00,5.20,22.24,100000.00,0.00,0,200.00,2.00,5.00,1.00,0,20.00,0.20,0.05,0.01,0.00,0.00,0.00,0.00,0,"
2024-06-27 14:40:49.709982,"0,2504,1515,8008,0.00,0.00,4.45,22.18,100000.00,0.00,0,200.00,2.00,5.00,1.00,0,20.00,0.20,0.05,0.01,0.00,0.00,0.00,0.00,0,"
2024-06-27 14:40:51.740045,"0,2504,1515,8008,0.00,0.00,4.55,22.23,100000.00,0.00,0,200.00,2.00,5.00,1.00,0,20.00,0.20,0.05,0.01,0.00,0.00,0.00,0.00,0,"
2024-06-27 14:40:53.702401,"0,2504,1515,8008,0.00,0.00,5.13,22.31,100000.00,0.00,0,200.00,2.00,5.00,1.00,0,20.00,0.20,0.05,0.01,0.00,0.00,0.00,0.00,0,"
2024-06-27 14:40:55.706497,"0,2504,1515,8008,0.00,0.00,4.37,22.13,100000.00,0.00,0,200.00,2.00,5.00,1.00,0,20.00,0.20,0.05,0.01,0.00,0.00,0.00,0.00,0,"
2024-06-27 14:40:57.704226,"0,2504,1515,8008,0.00,0.00,4.34,22.11,100000.00,0.00,0,200.00,2.00,5.00,1.00,0,20.00,0.20,0.05,0.01,0.00,0.00,0.00,0.00,0,"
2024-06-27 14:40:59.701413,"0,2504,1515,8008,0.00,0.00,5.45,22.09,100000.00,0.00,0,200.00,2.00,5.00,1.00,0,20.00,0.20,0.05,0.01,0.00,0.00,0.00,0.00,0,"
2024-06-27 14:41:01.703089,"0,2504,1515,8008,0.00,0.00,5.45,22.05,100000.00,0.00,0,200.00,2.00,5.00,1.00,0,20.00,0.20,0.05,0.01,0.00,0.00,0.00,0.00,0,"
2024-06-27 14:41:03.707498,"0,2504,1515,8008,0.00,0.00,5.05,22.03,100000.00,0.00,0,200.00,2.00,5.00,1.00,0,20.00,0.20,0.05,0.01,0.00,0.00,0.00,0.00,0,"
2024-06-27 14:41:05.704190,"0,2504,1515,8008,0.00,0.00,4.78,22.08,100000.00,0.00,0,200.00,2.00,5.00,1.00,0,20.00,0.20,0.05,0.01,0.00,0.00,0.00,0.00,0,"
2024-06-27 14:41:07.695671,"0,2504,1001,46,0,"
2024-06-27 14:41:07.734411,"0,2504,1515,8008,0.00,0.00,6.10,22.02,100000.00,0.00,0,200.00,2.00,5.00,1.00,0,20.00,0.20,0.05,0.01,0.00,0.00,0.00,0.00,0,"
2024-06-27 14:41:07.802388,"0,2501,1002,9999,0,0,0,0,0,0,0,0,0,0,0,0,0,0,0,0,0,0,0,30000,0,0,100,100,60000,600000,0,0,0,0.0064,0.0064,0,0,0,0,0,0,1,0,0,0,0,0,0,1,1,1,1,27,29,31,33,39,40,41,42,11,2,3,4,5,6,7,8,9,10,24,26,28,30,32,22,47,54,0,8,0,0,115200,115200,115200,4001,00"
