2024-06-27 08:52:34.322942,"0,2504,1001,50,0,"
2024-06-27 08:52:34.375198,"0,2501,1002,8001,1,0,0,0,0,0,0,0,0,0,0,0,0,0,0,0,0,0,1,60000,200,20,100,100,60000,1000,20,0,0.9,0.003125,0.003125,2,5,1,0.2,0.05,0.01,0,0,0,0,0,0,0,0,0,1,1,37,38,35,36,33,34,31,32,30,29,28,27,26,25,24,23,2,3,4,5,6,7,8,9,47,54,0,8,1,0,115200,115200,115200,4001,0"
2024-06-27 08:52:36.287408,"0,2504,1515,8001,0.00,0.00,0.00,0.00,320.00,0.00,0,200.00,2.00,5.00,1.00,0,20.00,0.20,0.05,0.01,0.00,0.00,0.00,0.00,0,"
2024-06-27 08:52:38.288018,"0,2504,1515,8001,0.00,0.00,0.00,0.00,320.00,0.00,0,200.00,2.00,5.00,1.00,0,20.00,0.20,0.05,0.01,0.00,0.00,0.00,0.00,0,"
2024-06-27 08:52:40.285148,"0,2504,1515,8001,0.00,0.00,0.00,0.00,320.00,0.00,0,200.00,2.00,5.00,1.00,0,20.00,0.20,0.05,0.01,0.00,0.00,0.00,0.00,0,"
2024-06-27 08:52:42.286677,"0,2504,1515,8001,0.00,0.00,0.00,0.00,320.00,0.00,0,200.00,2.00,5.00,1.00,0,20.00,0.20,0.05,0.01,0.00,0.00,0.00,0.00,0,"
2024-06-27 08:52:44.285166,"0,2504,1515,8001,0.00,0.00,0.00,0.00,320.00,0.00,0,200.00,2.00,5.00,1.00,0,20.00,0.20,0.05,0.01,0.00,0.00,0.00,0.00,0,"
2024-06-27 08:52:46.289981,"0,2504,1515,8001,0.00,0.00,0.00,0.00,320.00,0.00,0,200.00,2.00,5.00,1.00,0,20.00,0.20,0.05,0.01,0.00,0.00,0.00,0.00,0,"
2024-06-27 08:52:48.280228,"0,2504,1515,8001,0.00,0.00,0.00,0.00,320.00,0.00,0,200.00,2.00,5.00,1.00,0,20.00,0.20,0.05,0.01,0.00,0.00,0.00,0.00,0,"
2024-06-27 08:52:50.284145,"0,2504,1515,8001,0.00,0.00,0.00,0.00,320.00,0.00,0,200.00,2.00,5.00,1.00,0,20.00,0.20,0.05,0.01,0.00,0.00,0.00,0.00,0,"
2024-06-27 08:52:52.283444,"0,2504,1515,8001,0.00,0.00,0.00,0.00,320.00,0.00,0,200.00,2.00,5.00,1.00,0,20.00,0.20,0.05,0.01,0.00,0.00,0.00,0.00,0,"
2024-06-27 08:52:54.287849,"0,2504,1515,8001,0.00,0.00,0.00,0.00,320.00,0.00,0,200.00,2.00,5.00,1.00,0,20.00,0.20,0.05,0.01,0.00,0.00,0.00,0.00,0,"
2024-06-27 08:52:56.284961,"0,2504,1515,8001,0.00,0.00,0.00,0.00,320.00,0.00,0,200.00,2.00,5.00,1.00,0,20.00,0.20,0.05,0.01,0.00,0.00,0.00,0.00,0,"
2024-06-27 08:52:58.290300,"0,2504,1515,8001,0.00,0.00,0.00,0.00,320.00,0.00,0,200.00,2.00,5.00,1.00,0,20.00,0.20,0.05,0.01,0.00,0.00,0.00,0.00,0,"
2024-06-27 08:53:00.289864,"0,2504,1515,8001,0.00,0.00,0.00,0.00,320.00,0.00,0,200.00,2.00,5.00,1.00,0,20.00,0.20,0.05,0.01,0.00,0.00,0.00,0.00,0,"
2024-06-27 08:53:02.289532,"0,2504,1515,8001,0.00,0.00,0.00,0.00,320.00,0.00,0,200.00,2.00,5.00,1.00,0,20.00,0.20,0.05,0.01,0.00,0.00,0.00,0.00,0,"
2024-06-27 08:53:04.287373,"0,2504,1515,8001,0.00,0.00,0.00,0.00,320.00,0.00,0,200.00,2.00,5.00,1.00,0,20.00,0.20,0.05,0.01,0.00,0.00,0.00,0.00,0,"
2024-06-27 08:53:05.981985,"0,2504,1001,50,0,"
2024-06-27 08:53:42.950284,"0,2504,1001,50,0,"
2024-06-27 08:53:43.006909,"0,2501,1002,8001,1,0,0,0,0,0,0,0,0,0,0,0,0,0,0,0,0,0,1,60000,200,20,100,100,60000,1000,20,0,0.9,0.003125,0.003125,2,5,1,0.2,0.05,0.01,1,0,0,0,0,0,0,0,0,1,1,37,38,35,36,33,34,31,32,30,29,28,27,26,25,24,23,2,3,4,5,6,7,8,9,47,54,0,8,1,0,115200,115200,115200,4001,0"
2024-06-27 08:53:44.954917,"0,2504,1515,8001,0.00,0.00,0.00,0.00,320.00,0.00,0,200.00,2.00,5.00,1.00,0,20.00,0.20,0.05,0.01,0.00,0.00,0.00,0.00,0,"
2024-06-27 08:53:46.950843,"0,2504,1515,8001,0.00,0.00,-0.55,26.33,320.00,0.00,0,200.00,2.00,5.00,1.00,0,20.00,0.20,0.05,0.01,0.00,0.00,0.00,0.00,0,"
2024-06-27 08:53:48.957073,"0,2504,1515,8001,0.00,0.00,-4.87,25.46,320.00,0.00,0,200.00,2.00,5.00,1.00,0,20.00,0.20,0.05,0.01,0.00,0.00,0.00,0.00,0,"
2024-06-27 08:53:50.948499,"0,2504,1515,8001,0.00,0.00,-4.66,25.49,320.00,0.00,0,200.00,2.00,5.00,1.00,0,20.00,0.20,0.05,0.01,0.00,0.00,0.00,0.00,0,"
2024-06-27 08:53:52.960027,"0,2504,1515,8001,0.00,0.00,-3.73,25.50,320.00,0.00,0,200.00,2.00,5.00,1.00,0,20.00,0.20,0.05,0.01,0.00,0.00,0.00,0.00,0,"
2024-06-27 08:53:54.958150,"0,2504,1515,8001,0.00,0.00,-2.66,25.47,320.00,0.00,0,200.00,2.00,5.00,1.00,0,20.00,0.20,0.05,0.01,0.00,0.00,0.00,0.00,0,"
2024-06-27 08:53:56.951388,"0,2504,1515,8001,0.00,0.00,-8.63,25.52,320.00,0.00,0,200.00,2.00,5.00,1.00,0,20.00,0.20,0.05,0.01,0.00,0.00,0.00,0.00,0,"
2024-06-27 08:53:58.952908,"0,2504,1515,8001,0.00,0.00,-4.12,25.42,320.00,0.00,0,200.00,2.00,5.00,1.00,0,20.00,0.20,0.05,0.01,0.00,0.00,0.00,0.00,0,"
2024-06-27 08:54:00.957761,"0,2504,1515,8001,0.00,0.00,-0.33,26.34,320.00,0.00,0,200.00,2.00,5.00,1.00,0,20.00,0.20,0.05,0.01,0.00,0.00,0.00,0.00,0,"
2024-06-27 08:54:02.957293,"0,2504,1515,8001,0.00,0.00,-0.26,26.61,320.00,0.00,0,200.00,2.00,5.00,1.00,0,20.00,0.20,0.05,0.01,0.00,0.00,0.00,0.00,0,"
2024-06-27 08:54:04.951390,"0,2504,1515,8001,0.00,0.00,4.23,25.67,320.00,0.00,0,200.00,2.00,5.00,1.00,0,20.00,0.20,0.05,0.01,0.00,0.00,0.00,0.00,0,"
2024-06-27 08:54:06.957398,"0,2504,1515,8001,0.00,0.00,4.00,25.63,320.00,0.00,0,200.00,2.00,5.00,1.00,0,20.00,0.20,0.05,0.01,0.00,0.00,0.00,0.00,0,"
2024-06-27 08:54:08.957870,"0,2504,1515,8001,0.00,0.00,5.26,25.64,320.00,0.00,0,200.00,2.00,5.00,1.00,0,20.00,0.20,0.05,0.01,0.00,0.00,0.00,0.00,0,"
2024-06-27 08:54:10.954802,"0,2504,1515,8001,0.00,0.00,5.17,25.58,320.00,0.00,0,200.00,2.00,5.00,1.00,0,20.00,0.20,0.05,0.01,0.00,0.00,0.00,0.00,0,"
2024-06-27 08:54:12.954781,"0,2504,1515,8001,0.00,0.00,7.77,25.59,320.00,0.00,0,200.00,2.00,5.00,1.00,0,20.00,0.20,0.05,0.01,0.00,0.00,0.00,0.00,0,"
2024-06-27 08:54:14.957176,"0,2504,1515,8001,0.00,0.00,8.29,25.54,320.00,0.00,0,200.00,2.00,5.00,1.00,0,20.00,0.20,0.05,0.01,0.00,0.00,0.00,0.00,0,"
2024-06-27 08:54:16.953924,"0,2504,1515,8001,0.00,0.00,-1.40,26.08,320.00,0.00,0,200.00,2.00,5.00,1.00,0,20.00,0.20,0.05,0.01,0.00,0.00,0.00,0.00,0,"
2024-06-27 08:54:18.951217,"0,2504,1515,8001,0.00,0.00,0.02,26.61,320.00,0.00,0,200.00,2.00,5.00,1.00,0,20.00,0.20,0.05,0.01,0.00,0.00,0.00,0.00,0,"
2024-06-27 08:54:20.950665,"0,2504,1515,8001,0.00,0.00,-0.26,26.89,320.00,0.00,0,200.00,2.00,5.00,1.00,0,20.00,0.20,0.05,0.01,0.00,0.00,0.00,0.00,0,"
2024-06-27 08:54:22.959453,"0,2504,1515,8001,0.00,0.00,-0.00,27.05,320.00,0.00,0,200.00,2.00,5.00,1.00,0,20.00,0.20,0.05,0.01,0.00,0.00,0.00,0.00,0,"
2024-06-27 08:54:24.954519,"0,2504,1515,8001,0.00,0.00,0.02,27.22,320.00,0.00,0,200.00,2.00,5.00,1.00,0,20.00,0.20,0.05,0.01,0.00,0.00,0.00,0.00,0,"
2024-06-27 08:54:26.957389,"0,2504,1515,8001,0.00,0.00,-0.01,27.37,320.00,0.00,0,200.00,2.00,5.00,1.00,0,20.00,0.20,0.05,0.01,0.00,0.00,0.00,0.00,0,"
2024-06-27 08:54:28.959323,"0,2504,1515,8001,0.00,0.00,0.74,27.39,320.00,0.00,0,200.00,2.00,5.00,1.00,0,20.00,0.20,0.05,0.01,0.00,0.00,0.00,0.00,0,"
2024-06-27 08:54:30.957097,"0,2504,1515,8001,0.00,0.00,-0.01,27.55,320.00,0.00,0,200.00,2.00,5.00,1.00,0,20.00,0.20,0.05,0.01,0.00,0.00,0.00,0.00,0,"
2024-06-27 08:54:32.950696,"0,2504,1515,8001,0.00,0.00,-0.01,27.53,320.00,0.00,0,200.00,2.00,5.00,1.00,0,20.00,0.20,0.05,0.01,0.00,0.00,0.00,0.00,0,"
2024-06-27 08:54:34.953304,"0,2504,1515,8001,0.00,0.00,0.08,27.49,320.00,0.00,0,200.00,2.00,5.00,1.00,0,20.00,0.20,0.05,0.01,0.00,0.00,0.00,0.00,0,"
2024-06-27 08:54:36.959012,"0,2504,1515,8001,0.00,0.00,-0.06,27.30,320.00,0.00,0,200.00,2.00,5.00,1.00,0,20.00,0.20,0.05,0.01,0.00,0.00,0.00,0.00,0,"
2024-06-27 08:54:38.954423,"0,2504,1515,8001,0.00,0.00,0.00,27.47,320.00,0.00,0,200.00,2.00,5.00,1.00,0,20.00,0.20,0.05,0.01,0.00,0.00,0.00,0.00,0,"
2024-06-27 08:54:40.955872,"0,2504,1515,8001,0.00,0.00,0.01,27.64,320.00,0.00,0,200.00,2.00,5.00,1.00,0,20.00,0.20,0.05,0.01,0.00,0.00,0.00,0.00,0,"
2024-06-27 08:54:42.943894,"0,2504,1001,46,0,"
2024-06-27 08:54:42.972692,"0,2504,1515,8001,0.00,0.00,-0.02,27.70,320.00,0.00,0,200.00,2.00,5.00,1.00,0,20.00,0.20,0.05,0.01,0.00,0.00,0.00,0.00,0,"
2024-06-27 08:54:43.002188,"0,2501,1002,9999,0,0,0,0,0,0,0,0,0,0,0,0,0,0,0,0,0,0,0,60000,0,0,100,100,60000,1000,0,0,0,0.003125,0.003125,0,0,0,0,0,0,1,0,0,0,0,0,0,0,0,1,1,37,38,35,36,33,34,31,32,30,29,28,27,26,25,24,23,2,3,4,5,6,7,8,9,47,54,0,8,0,0,115200,115200,115200,4001,0"
2024-06-27 08:54:44.991408,"0,2504,1515,9999,0.00,0.00,-0.04,27.67,0.00,0.00,0,0.00,0.00,0.00,0.00,0,0.00,0.00,0.00,0.00,0.00,0.00,0.00,0.00,0,"
2024-06-27 08:54:46.982000,"0,2504,1515,9999,0.00,0.00,-0.02,27.70,0.00,0.00,0,0.00,0.00,0.00,0.00,0,0.00,0.00,0.00,0.00,0.00,0.00,0.00,0.00,0,"
2024-06-27 08:54:48.985498,"0,2504,1515,9999,0.00,0.00,-0.10,27.74,0.00,0.00,0,0.00,0.00,0.00,0.00,0,0.00,0.00,0.00,0.00,0.00,0.00,0.00,0.00,0,"
2024-06-27 08:54:50.990167,"0,2504,1515,9999,0.00,0.00,0.05,27.79,0.00,0.00,0,0.00,0.00,0.00,0.00,0,0.00,0.00,0.00,0.00,0.00,0.00,0.00,0.00,0,"
2024-06-27 08:54:52.992504,"0,2504,1515,9999,0.00,0.00,0.01,27.83,0.00,0.00,0,0.00,0.00,0.00,0.00,0,0.00,0.00,0.00,0.00,0.00,0.00,0.00,0.00,0,"
2024-06-27 08:54:54.988163,"0,2504,1515,9999,0.00,0.00,-0.01,27.75,0.00,0.00,0,0.00,0.00,0.00,0.00,0,0.00,0.00,0.00,0.00,0.00,0.00,0.00,0.00,0,"
2024-06-27 08:54:56.987407,"0,2504,1515,9999,0.00,0.00,0.00,27.78,0.00,0.00,0,0.00,0.00,0.00,0.00,0,0.00,0.00,0.00,0.00,0.00,0.00,0.00,0.00,0,"
2024-06-27 08:54:58.992845,"0,2504,1515,9999,0.00,0.00,-0.14,27.78,0.00,0.00,0,0.00,0.00,0.00,0.00,0,0.00,0.00,0.00,0.00,0.00,0.00,0.00,0.00,0,"
2024-06-27 08:55:00.982758,"0,2504,1515,9999,0.00,0.00,0.31,27.17,0.00,0.00,0,0.00,0.00,0.00,0.00,0,0.00,0.00,0.00,0.00,0.00,0.00,0.00,0.00,0,"
2024-06-27 08:55:02.988954,"0,2504,1515,9999,0.00,0.00,-0.02,27.38,0.00,0.00,0,0.00,0.00,0.00,0.00,0,0.00,0.00,0.00,0.00,0.00,0.00,0.00,0.00,0,"
2024-06-27 08:55:04.988260,"0,2504,1515,9999,0.00,0.00,-0.50,27.25,0.00,0.00,0,0.00,0.00,0.00,0.00,0,0.00,0.00,0.00,0.00,0.00,0.00,0.00,0.00,0,"
2024-06-27 08:55:06.991563,"0,2504,1515,9999,0.00,0.00,0.09,27.69,0.00,0.00,0,0.00,0.00,0.00,0.00,0,0.00,0.00,0.00,0.00,0.00,0.00,0.00,0.00,0,"
2024-06-27 08:55:08.986967,"0,2504,1515,9999,0.00,0.00,-0.01,27.92,0.00,0.00,0,0.00,0.00,0.00,0.00,0,0.00,0.00,0.00,0.00,0.00,0.00,0.00,0.00,0,"
2024-06-27 08:55:10.992882,"0,2504,1515,9999,0.00,0.00,-0.01,27.72,0.00,0.00,0,0.00,0.00,0.00,0.00,0,0.00,0.00,0.00,0.00,0.00,0.00,0.00,0.00,0,"
2024-06-27 08:55:12.985127,"0,2504,1515,9999,0.00,0.00,0.00,28.13,0.00,0.00,0,0.00,0.00,0.00,0.00,0,0.00,0.00,0.00,0.00,0.00,0.00,0.00,0.00,0,"
2024-06-27 08:55:14.990846,"0,2504,1515,9999,0.00,0.00,-0.00,28.26,0.00,0.00,0,0.00,0.00,0.00,0.00,0,0.00,0.00,0.00,0.00,0.00,0.00,0.00,0.00,0,"
2024-06-27 08:55:16.987247,"0,2504,1515,9999,0.00,0.00,0.04,28.38,0.00,0.00,0,0.00,0.00,0.00,0.00,0,0.00,0.00,0.00,0.00,0.00,0.00,0.00,0.00,0,"
2024-06-27 08:55:18.984953,"0,2504,1515,9999,0.00,0.00,0.02,28.38,0.00,0.00,0,0.00,0.00,0.00,0.00,0,0.00,0.00,0.00,0.00,0.00,0.00,0.00,0.00,0,"
2024-06-27 08:55:20.990539,"0,2504,1515,9999,0.00,0.00,0.06,28.46,0.00,0.00,0,0.00,0.00,0.00,0.00,0,0.00,0.00,0.00,0.00,0.00,0.00,0.00,0.00,0,"
2024-06-27 08:55:22.992427,"0,2504,1515,9999,0.00,0.00,0.02,28.58,0.00,0.00,0,0.00,0.00,0.00,0.00,0,0.00,0.00,0.00,0.00,0.00,0.00,0.00,0.00,0,"
2024-06-27 08:55:24.991257,"0,2504,1515,9999,0.00,0.00,0.03,28.64,0.00,0.00,0,0.00,0.00,0.00,0.00,0,0.00,0.00,0.00,0.00,0.00,0.00,0.00,0.00,0,"
2024-06-27 08:55:26.988643,"0,2504,1515,9999,0.00,0.00,0.17,27.89,0.00,0.00,0,0.00,0.00,0.00,0.00,0,0.00,0.00,0.00,0.00,0.00,0.00,0.00,0.00,0,"
2024-06-27 08:55:28.983768,"0,2504,1515,9999,0.00,0.00,0.03,28.18,0.00,0.00,0,0.00,0.00,0.00,0.00,0,0.00,0.00,0.00,0.00,0.00,0.00,0.00,0.00,0,"
2024-06-27 08:55:30.989699,"0,2504,1515,9999,0.00,0.00,-0.18,28.10,0.00,0.00,0,0.00,0.00,0.00,0.00,0,0.00,0.00,0.00,0.00,0.00,0.00,0.00,0.00,0,"
2024-06-27 08:55:32.988442,"0,2504,1515,9999,0.00,0.00,-0.07,28.13,0.00,0.00,0,0.00,0.00,0.00,0.00,0,0.00,0.00,0.00,0.00,0.00,0.00,0.00,0.00,0,"
2024-06-27 08:55:34.992658,"0,2504,1515,9999,0.00,0.00,0.00,28.35,0.00,0.00,0,0.00,0.00,0.00,0.00,0,0.00,0.00,0.00,0.00,0.00,0.00,0.00,0.00,0,"
2024-06-27 08:55:36.993433,"0,2504,1515,9999,0.00,0.00,0.04,28.42,0.00,0.00,0,0.00,0.00,0.00,0.00,0,0.00,0.00,0.00,0.00,0.00,0.00,0.00,0.00,0,"
2024-06-27 08:55:38.988169,"0,2504,1515,9999,0.00,0.00,-0.00,28.45,0.00,0.00,0,0.00,0.00,0.00,0.00,0,0.00,0.00,0.00,0.00,0.00,0.00,0.00,0.00,0,"
2024-06-27 08:55:40.987628,"0,2504,1515,9999,0.00,0.00,-0.02,28.62,0.00,0.00,0,0.00,0.00,0.00,0.00,0,0.00,0.00,0.00,0.00,0.00,0.00,0.00,0.00,0,"
2024-06-27 08:55:42.990411,"0,2504,1515,9999,0.00,0.00,0.01,28.62,0.00,0.00,0,0.00,0.00,0.00,0.00,0,0.00,0.00,0.00,0.00,0.00,0.00,0.00,0.00,0,"
2024-06-27 08:55:44.991465,"0,2504,1515,9999,0.00,0.00,0.02,28.80,0.00,0.00,0,0.00,0.00,0.00,0.00,0,0.00,0.00,0.00,0.00,0.00,0.00,0.00,0.00,0,"
2024-06-27 08:55:46.995354,"0,2504,1515,9999,0.00,0.00,0.02,28.84,0.00,0.00,0,0.00,0.00,0.00,0.00,0,0.00,0.00,0.00,0.00,0.00,0.00,0.00,0.00,0,"
2024-06-27 08:55:48.989710,"0,2504,1515,9999,0.00,0.00,0.02,28.89,0.00,0.00,0,0.00,0.00,0.00,0.00,0,0.00,0.00,0.00,0.00,0.00,0.00,0.00,0.00,0,"
2024-06-27 08:55:50.988694,"0,2504,1515,9999,0.00,0.00,0.02,28.94,0.00,0.00,0,0.00,0.00,0.00,0.00,0,0.00,0.00,0.00,0.00,0.00,0.00,0.00,0.00,0,"
2024-06-27 08:55:52.996488,"0,2504,1515,9999,0.00,0.00,0.02,28.95,0.00,0.00,0,0.00,0.00,0.00,0.00,0,0.00,0.00,0.00,0.00,0.00,0.00,0.00,0.00,0,"
2024-06-27 08:55:54.991867,"0,2504,1515,9999,0.00,0.00,0.02,28.97,0.00,0.00,0,0.00,0.00,0.00,0.00,0,0.00,0.00,0.00,0.00,0.00,0.00,0.00,0.00,0,"
2024-06-27 08:55:56.993654,"0,2504,1515,9999,0.00,0.00,0.02,29.05,0.00,0.00,0,0.00,0.00,0.00,0.00,0,0.00,0.00,0.00,0.00,0.00,0.00,0.00,0.00,0,"
2024-06-27 08:55:58.990707,"0,2504,1515,9999,0.00,0.00,0.02,29.11,0.00,0.00,0,0.00,0.00,0.00,0.00,0,0.00,0.00,0.00,0.00,0.00,0.00,0.00,0.00,0,"
2024-06-27 08:56:00.992754,"0,2504,1515,9999,0.00,0.00,0.02,29.06,0.00,0.00,0,0.00,0.00,0.00,0.00,0,0.00,0.00,0.00,0.00,0.00,0.00,0.00,0.00,0,"
2024-06-27 08:56:02.992798,"0,2504,1515,9999,0.00,0.00,0.02,29.09,0.00,0.00,0,0.00,0.00,0.00,0.00,0,0.00,0.00,0.00,0.00,0.00,0.00,0.00,0.00,0,"
2024-06-27 08:56:04.989064,"0,2504,1515,9999,0.00,0.00,0.13,28.66,0.00,0.00,0,0.00,0.00,0.00,0.00,0,0.00,0.00,0.00,0.00,0.00,0.00,0.00,0.00,0,"
2024-06-27 08:56:06.989585,"0,2504,1515,9999,0.00,0.00,0.02,28.50,0.00,0.00,0,0.00,0.00,0.00,0.00,0,0.00,0.00,0.00,0.00,0.00,0.00,0.00,0.00,0,"
2024-06-27 08:56:08.993217,"0,2504,1515,9999,0.00,0.00,-0.01,27.97,0.00,0.00,0,0.00,0.00,0.00,0.00,0,0.00,0.00,0.00,0.00,0.00,0.00,0.00,0.00,0,"
2024-06-27 08:56:10.990120,"0,2504,1515,9999,0.00,0.00,0.02,28.41,0.00,0.00,0,0.00,0.00,0.00,0.00,0,0.00,0.00,0.00,0.00,0.00,0.00,0.00,0.00,0,"
2024-06-27 08:56:12.991721,"0,2504,1515,9999,0.00,0.00,0.06,28.48,0.00,0.00,0,0.00,0.00,0.00,0.00,0,0.00,0.00,0.00,0.00,0.00,0.00,0.00,0.00,0,"
2024-06-27 08:56:14.993320,"0,2504,1515,9999,0.00,0.00,0.02,28.60,0.00,0.00,0,0.00,0.00,0.00,0.00,0,0.00,0.00,0.00,0.00,0.00,0.00,0.00,0.00,0,"
2024-06-27 08:56:16.986209,"0,2504,1515,9999,0.00,0.00,0.01,28.65,0.00,0.00,0,0.00,0.00,0.00,0.00,0,0.00,0.00,0.00,0.00,0.00,0.00,0.00,0.00,0,"
2024-06-27 08:56:18.991251,"0,2504,1515,9999,0.00,0.00,0.02,28.74,0.00,0.00,0,0.00,0.00,0.00,0.00,0,0.00,0.00,0.00,0.00,0.00,0.00,0.00,0.00,0,"
2024-06-27 08:56:20.990265,"0,2504,1515,9999,0.00,0.00,0.13,27.70,0.00,0.00,0,0.00,0.00,0.00,0.00,0,0.00,0.00,0.00,0.00,0.00,0.00,0.00,0.00,0,"
2024-06-27 08:56:22.993462,"0,2504,1515,9999,0.00,0.00,-0.58,28.00,0.00,0.00,0,0.00,0.00,0.00,0.00,0,0.00,0.00,0.00,0.00,0.00,0.00,0.00,0.00,0,"
2024-06-27 08:56:24.996502,"0,2504,1515,9999,0.00,0.00,0.00,28.62,0.00,0.00,0,0.00,0.00,0.00,0.00,0,0.00,0.00,0.00,0.00,0.00,0.00,0.00,0.00,0,"
2024-06-27 08:56:26.990735,"0,2504,1515,9999,0.00,0.00,-0.03,28.93,0.00,0.00,0,0.00,0.00,0.00,0.00,0,0.00,0.00,0.00,0.00,0.00,0.00,0.00,0.00,0,"
2024-06-27 08:56:28.993098,"0,2504,1515,9999,0.00,0.00,-0.04,28.29,0.00,0.00,0,0.00,0.00,0.00,0.00,0,0.00,0.00,0.00,0.00,0.00,0.00,0.00,0.00,0,"
2024-06-27 08:56:30.989922,"0,2504,1515,9999,0.00,0.00,0.02,28.36,0.00,0.00,0,0.00,0.00,0.00,0.00,0,0.00,0.00,0.00,0.00,0.00,0.00,0.00,0.00,0,"
2024-06-27 08:56:32.992088,"0,2504,1515,9999,0.00,0.00,0.68,28.35,0.00,0.00,0,0.00,0.00,0.00,0.00,0,0.00,0.00,0.00,0.00,0.00,0.00,0.00,0.00,0,"
2024-06-27 08:56:34.988211,"0,2504,1515,9999,0.00,0.00,0.00,28.52,0.00,0.00,0,0.00,0.00,0.00,0.00,0,0.00,0.00,0.00,0.00,0.00,0.00,0.00,0.00,0,"
2024-06-27 08:56:36.996905,"0,2504,1515,9999,0.00,0.00,-0.05,28.59,0.00,0.00,0,0.00,0.00,0.00,0.00,0,0.00,0.00,0.00,0.00,0.00,0.00,0.00,0.00,0,"
2024-06-27 08:56:38.991319,"0,2504,1515,9999,0.00,0.00,-2.41,26.84,0.00,0.00,0,0.00,0.00,0.00,0.00,0,0.00,0.00,0.00,0.00,0.00,0.00,0.00,0.00,0,"
2024-06-27 08:56:40.994941,"0,2504,1515,9999,0.00,0.00,-1.06,25.97,0.00,0.00,0,0.00,0.00,0.00,0.00,0,0.00,0.00,0.00,0.00,0.00,0.00,0.00,0.00,0,"
2024-06-27 08:56:42.992349,"0,2504,1515,9999,0.00,0.00,-0.30,26.15,0.00,0.00,0,0.00,0.00,0.00,0.00,0,0.00,0.00,0.00,0.00,0.00,0.00,0.00,0.00,0,"
2024-06-27 08:56:44.987934,"0,2504,1515,9999,0.00,0.00,1.12,26.06,0.00,0.00,0,0.00,0.00,0.00,0.00,0,0.00,0.00,0.00,0.00,0.00,0.00,0.00,0.00,0,"
2024-06-27 08:56:46.992503,"0,2504,1515,9999,0.00,0.00,0.24,26.39,0.00,0.00,0,0.00,0.00,0.00,0.00,0,0.00,0.00,0.00,0.00,0.00,0.00,0.00,0.00,0,"
2024-06-27 08:56:48.994380,"0,2504,1515,9999,0.00,0.00,-0.09,26.65,0.00,0.00,0,0.00,0.00,0.00,0.00,0,0.00,0.00,0.00,0.00,0.00,0.00,0.00,0.00,0,"
2024-06-27 08:57:26.721192,"0,2504,1515,9999,0.00,0.00,0.00,27.07,0.00,0.00,0,0.00,0.00,0.00,0.00,0,0.00,0.00,0.00,0.00,0.00,0.00,0.00,0.00,0,"
2024-06-27 08:57:26.749500,"0,2504,1515,9999,0.00,0.00,-0.00,27.20,0.00,0.00,0,0.00,0.00,0.00,0.00,0,0.00,0.00,0.00,0.00,0.00,0.00,0.00,0.00,0,"
2024-06-27 08:57:26.757617,"0,2504,1515,9999,0.00,0.00,-2.43,25.94,0.00,0.00,0,0.00,0.00,0.00,0.00,0,0.00,0.00,0.00,0.00,0.00,0.00,0.00,0.00,0,"
2024-06-27 08:57:26.783457,"0,2504,1515,9999,0.00,0.00,0.01,26.45,0.00,0.00,0,0.00,0.00,0.00,0.00,0,0.00,0.00,0.00,0.00,0.00,0.00,0.00,0.00,0,"
2024-06-27 08:57:26.783457,"0,2504,1515,9999,0.00,0.00,-3.07,25.81,0.00,0.00,0,0.00,0.00,0.00,0.00,0,0.00,0.00,0.00,0.00,0.00,0.00,0.00,0.00,0,"
2024-06-27 08:57:26.800050,"0,2504,1515,9999,0.00,0.00,-0.02,25.93,0.00,0.00,0,0.00,0.00,0.00,0.00,0,0.00,0.00,0.00,0.00,0.00,0.00,0.00,0.00,0,"
2024-06-27 08:57:26.811712,"0,2504,1515,9999,0.00,0.00,0.13,26.49,0.00,0.00,0,0.00,0.00,0.00,0.00,0,0.00,0.00,0.00,0.00,0.00,0.00,0.00,0.00,0,"
2024-06-27 08:57:26.819286,"0,2504,1515,9999,0.00,0.00,0.12,26.82,0.00,0.00,0,0.00,0.00,0.00,0.00,0,0.00,0.00,0.00,0.00,0.00,0.00,0.00,0.00,0,"
2024-06-27 08:57:26.838777,"0,2504,1515,9999,0.00,0.00,0.31,26.33,0.00,0.00,0,0.00,0.00,0.00,0.00,0,0.00,0.00,0.00,0.00,0.00,0.00,0.00,0.00,0,"
2024-06-27 08:57:26.848663,"0,2504,1515,9999,0.00,0.00,-0.03,26.27,0.00,0.00,0,0.00,0.00,0.00,0.00,0,0.00,0.00,0.00,0.00,0.00,0.00,0.00,0.00,0,"
2024-06-27 08:57:26.863406,"0,2504,1515,9999,0.00,0.00,0.02,26.79,0.00,0.00,0,0.00,0.00,0.00,0.00,0,0.00,0.00,0.00,0.00,0.00,0.00,0.00,0.00,0,"
2024-06-27 08:57:26.867465,"0,2504,1515,9999,0.00,0.00,0.10,27.06,0.00,0.00,0,0.00,0.00,0.00,0.00,0,0.00,0.00,0.00,0.00,0.00,0.00,0.00,0.00,0,"
2024-06-27 08:57:26.877483,"0,2504,1515,9999,0.00,0.00,3.06,25.81,0.00,0.00,0,0.00,0.00,0.00,0.00,0,0.00,0.00,0.00,0.00,0.00,0.00,0.00,0.00,0,"
2024-06-27 08:57:26.877483,"0,2504,1515,9999,0.00,0.00,-0.00,26.81,0.00,0.00,0,0.00,0.00,0.00,0.00,0,0.00,0.00,0.00,0.00,0.00,0.00,0.00,0.00,0,"
2024-06-27 08:57:26.887480,"0,2504,1515,9999,0.00,0.00,-0.04,27.19,0.00,0.00,0,0.00,0.00,0.00,0.00,0,0.00,0.00,0.00,0.00,0.00,0.00,0.00,0.00,0,"
2024-06-27 08:57:26.897499,"0,2504,1515,9999,0.00,0.00,-0.01,27.24,0.00,0.00,0,0.00,0.00,0.00,0.00,0,0.00,0.00,0.00,0.00,0.00,0.00,0.00,0.00,0,"
2024-06-27 08:57:26.904516,"0,2504,1515,9999,0.00,0.00,0.03,27.19,0.00,0.00,0,0.00,0.00,0.00,0.00,0,0.00,0.00,0.00,0.00,0.00,0.00,0.00,0.00,0,"
2024-06-27 08:57:26.913545,"0,2504,1515,9999,0.00,0.00,0.00,27.38,0.00,0.00,0,0.00,0.00,0.00,0.00,0,0.00,0.00,0.00,0.00,0.00,0.00,0.00,0.00,0,"
2024-06-27 08:57:26.996358,"0,2504,1515,9999,0.00,0.00,-0.00,27.57,0.00,0.00,0,0.00,0.00,0.00,0.00,0,0.00,0.00,0.00,0.00,0.00,0.00,0.00,0.00,0,"
2024-06-27 08:57:28.996794,"0,2504,1515,9999,0.00,0.00,-0.00,27.57,0.00,0.00,0,0.00,0.00,0.00,0.00,0,0.00,0.00,0.00,0.00,0.00,0.00,0.00,0.00,0,"
2024-06-27 08:57:30.995374,"0,2504,1515,9999,0.00,0.00,-0.00,27.72,0.00,0.00,0,0.00,0.00,0.00,0.00,0,0.00,0.00,0.00,0.00,0.00,0.00,0.00,0.00,0,"
2024-06-27 08:57:32.992246,"0,2504,1515,9999,0.00,0.00,-0.00,27.81,0.00,0.00,0,0.00,0.00,0.00,0.00,0,0.00,0.00,0.00,0.00,0.00,0.00,0.00,0.00,0,"
2024-06-27 08:57:34.997732,"0,2504,1515,9999,0.00,0.00,-0.00,27.77,0.00,0.00,0,0.00,0.00,0.00,0.00,0,0.00,0.00,0.00,0.00,0.00,0.00,0.00,0.00,0,"
2024-06-27 08:57:36.998666,"0,2504,1515,9999,0.00,0.00,-0.00,27.83,0.00,0.00,0,0.00,0.00,0.00,0.00,0,0.00,0.00,0.00,0.00,0.00,0.00,0.00,0.00,0,"
2024-06-27 08:57:39.003111,"0,2504,1515,9999,0.00,0.00,-0.00,27.89,0.00,0.00,0,0.00,0.00,0.00,0.00,0,0.00,0.00,0.00,0.00,0.00,0.00,0.00,0.00,0,"
2024-06-27 08:57:40.996652,"0,2504,1515,9999,0.00,0.00,-0.00,27.90,0.00,0.00,0,0.00,0.00,0.00,0.00,0,0.00,0.00,0.00,0.00,0.00,0.00,0.00,0.00,0,"
2024-06-27 08:57:42.992235,"0,2504,1515,9999,0.00,0.00,-0.00,27.93,0.00,0.00,0,0.00,0.00,0.00,0.00,0,0.00,0.00,0.00,0.00,0.00,0.00,0.00,0.00,0,"
2024-06-27 08:57:44.996877,"0,2504,1515,9999,0.00,0.00,-0.00,27.89,0.00,0.00,0,0.00,0.00,0.00,0.00,0,0.00,0.00,0.00,0.00,0.00,0.00,0.00,0.00,0,"
2024-06-27 08:57:46.998180,"0,2504,1515,9999,0.00,0.00,-0.00,27.89,0.00,0.00,0,0.00,0.00,0.00,0.00,0,0.00,0.00,0.00,0.00,0.00,0.00,0.00,0.00,0,"
2024-06-27 08:57:48.999694,"0,2504,1515,9999,0.00,0.00,-0.00,27.98,0.00,0.00,0,0.00,0.00,0.00,0.00,0,0.00,0.00,0.00,0.00,0.00,0.00,0.00,0.00,0,"
2024-06-27 08:57:50.990210,"0,2504,1515,9999,0.00,0.00,-0.00,28.02,0.00,0.00,0,0.00,0.00,0.00,0.00,0,0.00,0.00,0.00,0.00,0.00,0.00,0.00,0.00,0,"
2024-06-27 08:57:52.998264,"0,2504,1515,9999,0.00,0.00,-0.00,28.00,0.00,0.00,0,0.00,0.00,0.00,0.00,0,0.00,0.00,0.00,0.00,0.00,0.00,0.00,0.00,0,"
2024-06-27 08:57:54.992129,"0,2504,1515,9999,0.00,0.00,-0.00,28.00,0.00,0.00,0,0.00,0.00,0.00,0.00,0,0.00,0.00,0.00,0.00,0.00,0.00,0.00,0.00,0,"
2024-06-27 08:57:56.994772,"0,2504,1515,9999,0.00,0.00,-0.00,28.05,0.00,0.00,0,0.00,0.00,0.00,0.00,0,0.00,0.00,0.00,0.00,0.00,0.00,0.00,0.00,0,"
2024-06-27 08:57:58.989940,"0,2504,1515,9999,0.00,0.00,-0.00,28.02,0.00,0.00,0,0.00,0.00,0.00,0.00,0,0.00,0.00,0.00,0.00,0.00,0.00,0.00,0.00,0,"
2024-06-27 08:58:00.991944,"0,2504,1515,9999,0.00,0.00,-0.00,28.08,0.00,0.00,0,0.00,0.00,0.00,0.00,0,0.00,0.00,0.00,0.00,0.00,0.00,0.00,0.00,0,"
2024-06-27 08:58:02.991739,"0,2504,1515,9999,0.00,0.00,-0.00,28.02,0.00,0.00,0,0.00,0.00,0.00,0.00,0,0.00,0.00,0.00,0.00,0.00,0.00,0.00,0.00,0,"
2024-06-27 08:58:04.989203,"0,2504,1515,9999,0.00,0.00,-0.00,28.10,0.00,0.00,0,0.00,0.00,0.00,0.00,0,0.00,0.00,0.00,0.00,0.00,0.00,0.00,0.00,0,"
2024-06-27 08:58:07.001254,"0,2504,1515,9999,0.00,0.00,-0.00,28.10,0.00,0.00,0,0.00,0.00,0.00,0.00,0,0.00,0.00,0.00,0.00,0.00,0.00,0.00,0.00,0,"
2024-06-27 08:58:08.998559,"0,2504,1515,9999,0.00,0.00,-0.00,28.07,0.00,0.00,0,0.00,0.00,0.00,0.00,0,0.00,0.00,0.00,0.00,0.00,0.00,0.00,0.00,0,"
2024-06-27 08:58:10.999312,"0,2504,1515,9999,0.00,0.00,-0.00,28.04,0.00,0.00,0,0.00,0.00,0.00,0.00,0,0.00,0.00,0.00,0.00,0.00,0.00,0.00,0.00,0,"
2024-06-27 08:58:12.999091,"0,2504,1515,9999,0.00,0.00,-0.00,28.08,0.00,0.00,0,0.00,0.00,0.00,0.00,0,0.00,0.00,0.00,0.00,0.00,0.00,0.00,0.00,0,"
2024-06-27 08:58:14.993319,"0,2504,1515,9999,0.00,0.00,-0.00,28.10,0.00,0.00,0,0.00,0.00,0.00,0.00,0,0.00,0.00,0.00,0.00,0.00,0.00,0.00,0.00,0,"
2024-06-27 08:58:16.999155,"0,2504,1515,9999,0.00,0.00,-0.00,28.08,0.00,0.00,0,0.00,0.00,0.00,0.00,0,0.00,0.00,0.00,0.00,0.00,0.00,0.00,0.00,0,"
2024-06-27 08:58:18.993765,"0,2504,1515,9999,0.00,0.00,-0.00,28.09,0.00,0.00,0,0.00,0.00,0.00,0.00,0,0.00,0.00,0.00,0.00,0.00,0.00,0.00,0.00,0,"
2024-06-27 08:58:20.994668,"0,2504,1515,9999,0.00,0.00,-0.00,28.06,0.00,0.00,0,0.00,0.00,0.00,0.00,0,0.00,0.00,0.00,0.00,0.00,0.00,0.00,0.00,0,"
2024-06-27 08:58:22.992287,"0,2504,1515,9999,0.00,0.00,-0.00,28.11,0.00,0.00,0,0.00,0.00,0.00,0.00,0,0.00,0.00,0.00,0.00,0.00,0.00,0.00,0.00,0,"
2024-06-27 08:58:24.999417,"0,2504,1515,9999,0.00,0.00,-0.00,28.09,0.00,0.00,0,0.00,0.00,0.00,0.00,0,0.00,0.00,0.00,0.00,0.00,0.00,0.00,0.00,0,"
2024-06-27 08:58:26.998033,"0,2504,1515,9999,0.00,0.00,-0.00,28.09,0.00,0.00,0,0.00,0.00,0.00,0.00,0,0.00,0.00,0.00,0.00,0.00,0.00,0.00,0.00,0,"
2024-06-27 08:58:28.996411,"0,2504,1515,9999,0.00,0.00,-0.00,28.16,0.00,0.00,0,0.00,0.00,0.00,0.00,0,0.00,0.00,0.00,0.00,0.00,0.00,0.00,0.00,0,"
2024-06-27 08:58:30.990600,"0,2504,1515,9999,0.00,0.00,-0.00,28.16,0.00,0.00,0,0.00,0.00,0.00,0.00,0,0.00,0.00,0.00,0.00,0.00,0.00,0.00,0.00,0,"
2024-06-27 08:58:33.000224,"0,2504,1515,9999,0.00,0.00,-0.00,28.13,0.00,0.00,0,0.00,0.00,0.00,0.00,0,0.00,0.00,0.00,0.00,0.00,0.00,0.00,0.00,0,"
2024-06-27 08:58:35.002322,"0,2504,1515,9999,0.00,0.00,-0.00,28.10,0.00,0.00,0,0.00,0.00,0.00,0.00,0,0.00,0.00,0.00,0.00,0.00,0.00,0.00,0.00,0,"
2024-06-27 08:58:36.993964,"0,2504,1515,9999,0.00,0.00,-0.00,28.16,0.00,0.00,0,0.00,0.00,0.00,0.00,0,0.00,0.00,0.00,0.00,0.00,0.00,0.00,0.00,0,"
2024-06-27 08:58:38.996423,"0,2504,1515,9999,0.00,0.00,-0.00,28.10,0.00,0.00,0,0.00,0.00,0.00,0.00,0,0.00,0.00,0.00,0.00,0.00,0.00,0.00,0.00,0,"
2024-06-27 08:58:40.999212,"0,2504,1515,9999,0.00,0.00,-0.00,28.07,0.00,0.00,0,0.00,0.00,0.00,0.00,0,0.00,0.00,0.00,0.00,0.00,0.00,0.00,0.00,0,"
2024-06-27 08:58:42.996233,"0,2504,1515,9999,0.00,0.00,-0.00,28.17,0.00,0.00,0,0.00,0.00,0.00,0.00,0,0.00,0.00,0.00,0.00,0.00,0.00,0.00,0.00,0,"
2024-06-27 08:58:44.993633,"0,2504,1515,9999,0.00,0.00,-0.00,28.10,0.00,0.00,0,0.00,0.00,0.00,0.00,0,0.00,0.00,0.00,0.00,0.00,0.00,0.00,0.00,0,"
2024-06-27 08:58:47.000710,"0,2504,1515,9999,0.00,0.00,-0.00,28.09,0.00,0.00,0,0.00,0.00,0.00,0.00,0,0.00,0.00,0.00,0.00,0.00,0.00,0.00,0.00,0,"
2024-06-27 08:58:49.398380,"0,2504,1001,50,0,"
2024-06-27 08:58:53.818198,"0,2504,1001,50,0,"
2024-06-27 08:58:53.871766,"0,2501,1002,8001,1,0,0,0,0,0,0,0,0,0,0,0,0,0,0,0,0,0,1,60000,200,20,100,100,60000,1000,20,0,0.9,0.003125,0.003125,2,5,1,0.2,0.05,0.01,1,0,0,0,0,0,0,0,0,1,1,27,29,31,33,39,40,41,42,11,2,3,4,5,6,7,8,9,10,24,26,28,30,32,22,47,54,0,8,1,0,115200,115200,115200,4001,0"
2024-06-27 08:58:55.815471,"0,2504,1515,8001,0.00,0.00,-0.00,28.10,320.00,0.00,0,200.00,2.00,5.00,1.00,0,20.00,0.20,0.05,0.01,0.00,0.00,0.00,0.00,0,"
2024-06-27 08:58:57.817535,"0,2504,1515,8001,0.00,0.00,-0.00,28.14,320.00,0.00,0,200.00,2.00,5.00,1.00,0,20.00,0.20,0.05,0.01,0.00,0.00,0.00,0.00,0,"
2024-06-27 08:58:59.817637,"0,2504,1515,8001,0.00,0.00,-0.00,28.15,320.00,0.00,0,200.00,2.00,5.00,1.00,0,20.00,0.20,0.05,0.01,0.00,0.00,0.00,0.00,0,"
2024-06-27 08:59:01.812527,"0,2504,1515,8001,0.00,0.00,-0.00,28.12,320.00,0.00,0,200.00,2.00,5.00,1.00,0,20.00,0.20,0.05,0.01,0.00,0.00,0.00,0.00,0,"
2024-06-27 08:59:04.217696,"0,2504,1001,50,0,"
2024-06-27 08:59:10.284855,"0,2504,1001,50,0,"
2024-06-27 08:59:10.337577,"0,2501,1002,8001,1,0,0,0,0,0,0,0,0,0,0,0,0,0,0,0,0,0,1,60000,200,20,100,100,60000,1000,20,0,0.9,0.003125,0.003125,2,5,1,0.2,0.05,0.01,1,0,0,0,0,0,0,0,0,1,1,27,29,31,33,39,40,41,42,11,2,3,4,5,6,7,8,9,10,24,26,28,30,32,22,47,54,0,8,1,0,115200,115200,115200,4001,0"
2024-06-27 08:59:12.288710,"0,2504,1515,8001,0.00,0.00,-0.00,28.18,320.00,0.00,0,200.00,2.00,5.00,1.00,0,20.00,0.20,0.05,0.01,0.00,0.00,0.00,0.00,0,"
2024-06-27 08:59:14.287162,"0,2504,1515,8001,0.00,0.00,-0.00,28.08,320.00,0.00,0,200.00,2.00,5.00,1.00,0,20.00,0.20,0.05,0.01,0.00,0.00,0.00,0.00,0,"
2024-06-27 08:59:16.289186,"0,2504,1515,8001,0.00,0.00,-0.00,28.13,320.00,0.00,0,200.00,2.00,5.00,1.00,0,20.00,0.20,0.05,0.01,0.00,0.00,0.00,0.00,0,"
2024-06-27 08:59:18.291775,"0,2504,1515,8001,0.00,0.00,-0.00,28.16,320.00,0.00,0,200.00,2.00,5.00,1.00,0,20.00,0.20,0.05,0.01,0.00,0.00,0.00,0.00,0,"
2024-06-27 08:59:20.292131,"0,2504,1515,8001,0.00,0.00,-0.00,28.13,320.00,0.00,0,200.00,2.00,5.00,1.00,0,20.00,0.20,0.05,0.01,0.00,0.00,0.00,0.00,0,"
2024-06-27 08:59:22.293007,"0,2504,1515,8001,0.00,0.00,-0.00,28.18,320.00,0.00,0,200.00,2.00,5.00,1.00,0,20.00,0.20,0.05,0.01,0.00,0.00,0.00,0.00,0,"
2024-06-27 08:59:24.290532,"0,2504,1515,8001,0.00,0.00,-0.00,28.16,320.00,0.00,0,200.00,2.00,5.00,1.00,0,20.00,0.20,0.05,0.01,0.00,0.00,0.00,0.00,0,"
2024-06-27 08:59:26.289676,"0,2504,1515,8001,0.00,0.00,-0.00,28.14,320.00,0.00,0,200.00,2.00,5.00,1.00,0,20.00,0.20,0.05,0.01,0.00,0.00,0.00,0.00,0,"
2024-06-27 08:59:28.293472,"0,2504,1515,8001,0.00,0.00,-0.00,28.08,320.00,0.00,0,200.00,2.00,5.00,1.00,0,20.00,0.20,0.05,0.01,0.00,0.00,0.00,0.00,0,"
2024-06-27 08:59:30.293748,"0,2504,1515,8001,0.00,0.00,-0.00,28.12,320.00,0.00,0,200.00,2.00,5.00,1.00,0,20.00,0.20,0.05,0.01,0.00,0.00,0.00,0.00,0,"
2024-06-27 08:59:32.286380,"0,2504,1515,8001,0.00,0.00,-0.00,28.05,320.00,0.00,0,200.00,2.00,5.00,1.00,0,20.00,0.20,0.05,0.01,0.00,0.00,0.00,0.00,0,"
2024-06-27 08:59:34.285733,"0,2504,1515,8001,0.00,0.00,-0.02,28.09,320.00,0.00,0,200.00,2.00,5.00,1.00,0,20.00,0.20,0.05,0.01,0.00,0.00,0.00,0.00,0,"
2024-06-27 08:59:36.289391,"0,2504,1515,8001,0.00,0.00,-0.01,28.12,320.00,0.00,0,200.00,2.00,5.00,1.00,0,20.00,0.20,0.05,0.01,0.00,0.00,0.00,0.00,0,"
2024-06-27 08:59:38.292389,"0,2504,1515,8001,0.00,0.00,0.00,28.05,320.00,0.00,0,200.00,2.00,5.00,1.00,0,20.00,0.20,0.05,0.01,0.00,0.00,0.00,0.00,0,"
2024-06-27 08:59:40.288792,"0,2504,1515,8001,0.00,0.00,-0.00,28.02,320.00,0.00,0,200.00,2.00,5.00,1.00,0,20.00,0.20,0.05,0.01,0.00,0.00,0.00,0.00,0,"
2024-06-27 08:59:42.290271,"0,2504,1515,8001,0.00,0.00,-0.01,28.07,320.00,0.00,0,200.00,2.00,5.00,1.00,0,20.00,0.20,0.05,0.01,0.00,0.00,0.00,0.00,0,"
2024-06-27 08:59:44.290782,"0,2504,1515,8001,0.00,0.00,10.06,27.99,320.00,0.00,0,200.00,2.00,5.00,1.00,0,20.00,0.20,0.05,0.01,0.00,0.00,0.00,0.00,0,"
2024-06-27 08:59:46.292676,"0,2504,1515,8001,0.00,0.00,-0.34,25.14,320.00,0.00,0,200.00,2.00,5.00,1.00,0,20.00,0.20,0.05,0.01,0.00,0.00,0.00,0.00,0,"
2024-06-27 08:59:48.286636,"0,2504,1515,8001,0.00,0.00,5.52,24.83,320.00,0.00,0,200.00,2.00,5.00,1.00,0,20.00,0.20,0.05,0.01,0.00,0.00,0.00,0.00,0,"
2024-06-27 08:59:50.284901,"0,2504,1515,8001,0.00,0.00,-1.82,24.90,320.00,0.00,0,200.00,2.00,5.00,1.00,0,20.00,0.20,0.05,0.01,0.00,0.00,0.00,0.00,0,"
2024-06-27 08:59:52.285367,"0,2504,1515,8001,0.00,0.00,-1.35,24.93,320.00,0.00,0,200.00,2.00,5.00,1.00,0,20.00,0.20,0.05,0.01,0.00,0.00,0.00,0.00,0,"
2024-06-27 08:59:54.287155,"0,2504,1515,8001,0.00,0.00,-0.01,25.49,320.00,0.00,0,200.00,2.00,5.00,1.00,0,20.00,0.20,0.05,0.01,0.00,0.00,0.00,0.00,0,"
2024-06-27 08:59:56.292586,"0,2504,1515,8001,0.00,0.00,-1.37,25.05,320.00,0.00,0,200.00,2.00,5.00,1.00,0,20.00,0.20,0.05,0.01,0.00,0.00,0.00,0.00,0,"
2024-06-27 08:59:58.292504,"0,2504,1515,8001,0.00,0.00,-0.07,25.99,320.00,0.00,0,200.00,2.00,5.00,1.00,0,20.00,0.20,0.05,0.01,0.00,0.00,0.00,0.00,0,"
2024-06-27 09:00:00.291505,"0,2504,1515,8001,0.00,0.00,-0.07,26.27,320.00,0.00,0,200.00,2.00,5.00,1.00,0,20.00,0.20,0.05,0.01,0.00,0.00,0.00,0.00,0,"
2024-06-27 09:00:02.286401,"0,2504,1515,8001,0.00,0.00,-0.01,26.57,320.00,0.00,0,200.00,2.00,5.00,1.00,0,20.00,0.20,0.05,0.01,0.00,0.00,0.00,0.00,0,"
2024-06-27 09:00:04.287429,"0,2504,1515,8001,0.00,0.00,-0.03,26.68,320.00,0.00,0,200.00,2.00,5.00,1.00,0,20.00,0.20,0.05,0.01,0.00,0.00,0.00,0.00,0,"
2024-06-27 09:00:06.292522,"0,2504,1515,8001,0.00,0.00,-0.02,26.82,320.00,0.00,0,200.00,2.00,5.00,1.00,0,20.00,0.20,0.05,0.01,0.00,0.00,0.00,0.00,0,"
2024-06-27 09:00:08.284452,"0,2504,1515,8001,0.00,0.00,-0.01,26.90,320.00,0.00,0,200.00,2.00,5.00,1.00,0,20.00,0.20,0.05,0.01,0.00,0.00,0.00,0.00,0,"
2024-06-27 09:00:10.281855,"0,2504,1001,46,0,"
2024-06-27 09:00:10.306706,"0,2504,1515,8001,0.00,0.00,-0.01,26.97,320.00,0.00,0,200.00,2.00,5.00,1.00,0,20.00,0.20,0.05,0.01,0.00,0.00,0.00,0.00,0,"
2024-06-27 09:00:10.347202,"0,2501,1002,9999,0,0,0,0,0,0,0,0,0,0,0,0,0,0,0,0,0,0,0,60000,0,0,100,100,60000,1000,0,0,0,0.003125,0.003125,0,0,0,0,0,0,1,0,0,0,0,0,0,0,0,1,1,27,29,31,33,39,40,41,42,11,2,3,4,5,6,7,8,9,10,24,26,28,30,32,22,47,54,0,8,0,0,115200,115200,115200,4001,0"
2024-06-27 09:00:12.324393,"0,2504,1515,9999,0.00,0.00,-0.02,27.01,0.00,0.00,0,0.00,0.00,0.00,0.00,0,0.00,0.00,0.00,0.00,0.00,0.00,0.00,0.00,0,"
2024-06-27 09:00:14.318232,"0,2504,1515,9999,0.00,0.00,-0.01,27.03,0.00,0.00,0,0.00,0.00,0.00,0.00,0,0.00,0.00,0.00,0.00,0.00,0.00,0.00,0.00,0,"
2024-06-27 09:00:16.323545,"0,2504,1515,9999,0.00,0.00,-0.01,27.02,0.00,0.00,0,0.00,0.00,0.00,0.00,0,0.00,0.00,0.00,0.00,0.00,0.00,0.00,0.00,0,"
2024-06-27 09:00:18.322212,"0,2504,1515,9999,0.00,0.00,0.00,27.09,0.00,0.00,0,0.00,0.00,0.00,0.00,0,0.00,0.00,0.00,0.00,0.00,0.00,0.00,0.00,0,"
2024-06-27 09:00:20.326424,"0,2504,1515,9999,0.00,0.00,-0.01,27.13,0.00,0.00,0,0.00,0.00,0.00,0.00,0,0.00,0.00,0.00,0.00,0.00,0.00,0.00,0.00,0,"
2024-06-27 09:00:22.319962,"0,2504,1515,9999,0.00,0.00,-0.01,27.12,0.00,0.00,0,0.00,0.00,0.00,0.00,0,0.00,0.00,0.00,0.00,0.00,0.00,0.00,0.00,0,"
2024-06-27 09:00:24.325960,"0,2504,1515,9999,0.00,0.00,0.01,27.10,0.00,0.00,0,0.00,0.00,0.00,0.00,0,0.00,0.00,0.00,0.00,0.00,0.00,0.00,0.00,0,"
2024-06-27 09:00:26.325321,"0,2504,1515,9999,0.00,0.00,-0.00,27.20,0.00,0.00,0,0.00,0.00,0.00,0.00,0,0.00,0.00,0.00,0.00,0.00,0.00,0.00,0.00,0,"
2024-06-27 09:00:28.320691,"0,2504,1515,9999,0.00,0.00,-0.01,27.18,0.00,0.00,0,0.00,0.00,0.00,0.00,0,0.00,0.00,0.00,0.00,0.00,0.00,0.00,0.00,0,"
2024-06-27 09:00:30.317892,"0,2504,1515,9999,0.00,0.00,0.00,27.16,0.00,0.00,0,0.00,0.00,0.00,0.00,0,0.00,0.00,0.00,0.00,0.00,0.00,0.00,0.00,0,"
2024-06-27 09:00:32.317877,"0,2504,1515,9999,0.00,0.00,-0.02,27.20,0.00,0.00,0,0.00,0.00,0.00,0.00,0,0.00,0.00,0.00,0.00,0.00,0.00,0.00,0.00,0,"
2024-06-27 09:00:34.319265,"0,2504,1515,9999,0.00,0.00,-0.00,27.28,0.00,0.00,0,0.00,0.00,0.00,0.00,0,0.00,0.00,0.00,0.00,0.00,0.00,0.00,0.00,0,"
2024-06-27 09:00:36.323999,"0,2504,1515,9999,0.00,0.00,-0.00,27.23,0.00,0.00,0,0.00,0.00,0.00,0.00,0,0.00,0.00,0.00,0.00,0.00,0.00,0.00,0.00,0,"
2024-06-27 09:00:38.326837,"0,2504,1515,9999,0.00,0.00,-0.00,27.22,0.00,0.00,0,0.00,0.00,0.00,0.00,0,0.00,0.00,0.00,0.00,0.00,0.00,0.00,0.00,0,"
2024-06-27 09:00:40.327389,"0,2504,1515,9999,0.00,0.00,-0.00,27.25,0.00,0.00,0,0.00,0.00,0.00,0.00,0,0.00,0.00,0.00,0.00,0.00,0.00,0.00,0.00,0,"
2024-06-27 09:00:42.318739,"0,2504,1515,9999,0.00,0.00,-0.00,27.31,0.00,0.00,0,0.00,0.00,0.00,0.00,0,0.00,0.00,0.00,0.00,0.00,0.00,0.00,0.00,0,"
2024-06-27 09:00:43.926230,"0,2504,1001,50,0,"
2024-06-27 09:00:46.854289,"0,2504,1001,50,0,"
2024-06-27 09:00:46.913864,"0,2501,1002,8001,1,0,0,0,0,0,0,0,0,0,0,0,0,0,0,0,0,0,1,60000,200,20,100,100,60000,1000,20,0,0.9,0.003125,0.003125,2,5,1,0.2,0.05,0.01,1,0,0,0,0,0,0,0,0,1,1,27,29,31,33,39,40,41,42,11,2,3,4,5,6,7,8,9,10,24,26,28,30,32,22,47,54,0,8,1,0,115200,115200,115200,4001,0"
2024-06-27 09:00:48.855924,"0,2504,1515,8001,0.00,0.00,-0.01,27.25,320.00,0.00,0,200.00,2.00,5.00,1.00,0,20.00,0.20,0.05,0.01,0.00,0.00,0.00,0.00,0,"
2024-06-27 09:00:50.852980,"0,2504,1515,8001,0.00,0.00,-0.00,27.37,320.00,0.00,0,200.00,2.00,5.00,1.00,0,20.00,0.20,0.05,0.01,0.00,0.00,0.00,0.00,0,"
2024-06-27 09:00:52.854435,"0,2504,1515,8001,0.00,0.00,-0.01,27.29,320.00,0.00,0,200.00,2.00,5.00,1.00,0,20.00,0.20,0.05,0.01,0.00,0.00,0.00,0.00,0,"
2024-06-27 09:00:54.852222,"0,2504,1515,8001,0.00,0.00,0.00,27.35,320.00,0.00,0,200.00,2.00,5.00,1.00,0,20.00,0.20,0.05,0.01,0.00,0.00,0.00,0.00,0,"
2024-06-27 09:00:56.873500,"0,2504,1515,8001,0.00,0.00,-0.00,27.32,320.00,0.00,0,200.00,2.00,5.00,1.00,0,20.00,0.20,0.05,0.01,0.00,0.00,0.00,0.00,0,"
2024-06-27 09:00:58.853683,"0,2504,1515,8001,0.00,0.00,-0.01,27.30,320.00,0.00,0,200.00,2.00,5.00,1.00,0,20.00,0.20,0.05,0.01,0.00,0.00,0.00,0.00,0,"
2024-06-27 09:01:00.857354,"0,2504,1515,8001,0.00,0.00,-0.00,27.37,320.00,0.00,0,200.00,2.00,5.00,1.00,0,20.00,0.20,0.05,0.01,0.00,0.00,0.00,0.00,0,"
2024-06-27 09:01:02.683445,"0,2504,1001,50,0,"
2024-06-27 09:01:04.776597,"0,2504,1001,50,0,"
2024-06-27 09:01:50.182020,"0,2504,1001,50,0,"
2024-06-27 09:01:50.237774,"0,2501,1002,8001,1,0,0,0,0,0,0,0,0,0,0,0,0,0,0,0,0,0,1,60000,200,20,100,100,60000,1000,20,0,0.9,0.003125,0.003125,2,5,1,0.2,0.05,0.01,1,0,0,0,0,0,0,1,1,1,1,27,29,31,33,39,40,41,42,11,2,3,4,5,6,7,8,9,10,24,26,28,30,32,22,47,54,0,8,1,0,115200,115200,115200,4001,0"
2024-06-27 09:01:52.163062,"0,2504,1515,8001,0.00,0.00,0.00,27.25,320.00,0.00,0,200.00,2.00,5.00,1.00,0,20.00,0.20,0.05,0.01,0.00,0.00,0.00,0.00,0,"
2024-06-27 09:01:54.166640,"0,2504,1515,8001,0.00,0.00,-0.00,27.22,320.00,0.00,0,200.00,2.00,5.00,1.00,0,20.00,0.20,0.05,0.01,0.00,0.00,0.00,0.00,0,"
2024-06-27 09:01:56.170045,"0,2504,1515,8001,0.00,0.00,-0.00,27.20,320.00,0.00,0,200.00,2.00,5.00,1.00,0,20.00,0.20,0.05,0.01,0.00,0.00,0.00,0.00,0,"
2024-06-27 09:01:58.169578,"0,2504,1515,8001,0.00,0.00,-0.00,27.24,320.00,0.00,0,200.00,2.00,5.00,1.00,0,20.00,0.20,0.05,0.01,0.00,0.00,0.00,0.00,0,"
2024-06-27 09:02:00.167766,"0,2504,1515,8001,0.00,0.00,-0.01,27.15,320.00,0.00,0,200.00,2.00,5.00,1.00,0,20.00,0.20,0.05,0.01,0.00,0.00,0.00,0.00,0,"
2024-06-27 09:02:02.029684,"0,2504,1001,50,0,"
2024-06-27 09:02:17.562119,"0,2504,1001,50,0,"
2024-06-27 09:02:17.623888,"0,2501,1002,8001,100,0,0,0,0,0,0,0,0,0,0,0,0,0,0,0,0,0,1,60000,200,20,100,100,60000,1000,20,0,0.9,0.003125,0.003125,2,5,1,0.2,0.05,0.01,1,0,0,0,0,0,0,1,1,1,1,27,29,31,33,39,40,41,42,11,2,3,4,5,6,7,8,9,10,24,26,28,30,32,22,47,54,0,8,1,0,115200,115200,115200,4001,0"
2024-06-27 09:02:19.560844,"0,2504,1515,8001,0.00,0.00,0.00,27.33,32000.00,0.00,0,200.00,2.00,5.00,1.00,0,20.00,0.20,0.05,0.01,0.00,0.00,0.00,0.00,0,"
2024-06-27 09:02:21.563647,"0,2504,1515,8001,0.00,0.00,-0.00,27.22,32000.00,0.00,0,200.00,2.00,5.00,1.00,0,20.00,0.20,0.05,0.01,0.00,0.00,0.00,0.00,0,"
2024-06-27 09:02:23.537975,"0,2504,1001,50,0,"
2024-06-27 09:02:25.573252,"0,2504,1001,50,0,"
2024-06-27 09:03:06.611654,"0,2504,1001,50,0,"
2024-06-27 09:03:06.680109,"0,2501,1002,8001,1,1,0,0,0,0,0,0,0,0,0,0,0,0,0,0,0,0,1,60000,200,20,100,100,60000,1000,20,0,0.9,0.003125,0.003125,2,5,1,0.2,0.05,0.01,1,0,0,0,0,0,0,1,1,1,1,27,29,31,33,39,40,41,42,11,2,3,4,5,6,7,8,9,10,24,26,28,30,32,22,47,54,0,8,1,0,115200,115200,115200,4001,0"
2024-06-27 09:03:08.604436,"0,2504,1515,8001,0.00,0.00,-0.00,27.32,320.00,287.00,0,200.00,2.00,5.00,1.00,0,20.00,0.20,0.05,0.01,0.00,0.00,0.00,0.00,0,"
2024-06-27 09:03:10.773679,"0,2504,1001,50,0,"
2024-06-27 09:03:12.878235,"0,2504,1001,50,0,"
2024-06-27 09:03:20.101394,"0,2504,1001,50,0,"
2024-06-27 09:03:20.161760,"0,2501,1002,8001,0,0,0,0,0,0,0,0,0,0,0,0,0,0,0,0,0,0,1,60000,200,20,100,100,60000,1000,20,0,0.9,0.003125,0.003125,2,5,1,0.2,0.05,0.01,1,0,0,0,0,0,0,1,1,1,1,27,29,31,33,39,40,41,42,11,2,3,4,5,6,7,8,9,10,24,26,28,30,32,22,47,54,0,8,1,0,115200,115200,115200,4001,0"
2024-06-27 09:03:22.077410,"0,2504,1515,8001,0.00,0.00,-0.00,27.24,0.00,0.00,0,200.00,2.00,5.00,1.00,0,20.00,0.20,0.05,0.01,0.00,0.00,0.00,0.00,0,"
2024-06-27 09:03:23.924191,"0,2504,1001,50,0,"
2024-06-27 09:03:37.496265,"0,2504,1001,50,0,"
2024-06-27 09:03:37.548058,"0,2501,1002,8003,5,0,0,0,0,0,0,0,0,0,0,0,0,0,0,0,0,0,1,60000,200,20,100,100,60000,1000,20,0,0.9,0.003125,0.003125,2,5,1,0.2,0.05,0.01,1,0,0,0,0,0,0,1,1,1,1,27,29,31,33,39,40,41,42,11,2,3,4,5,6,7,8,9,10,24,26,28,30,32,22,47,54,0,8,1,0,115200,115200,115200,4003,0"
2024-06-27 09:03:39.499983,"0,2504,1515,8003,0.00,0.00,-0.01,27.24,1600.00,0.00,0,200.00,2.00,5.00,1.00,0,20.00,0.20,0.05,0.01,0.00,0.00,0.00,0.00,0,"
2024-06-27 09:03:42.178332,"0,2504,1001,50,0,"
2024-06-27 09:03:44.242139,"0,2504,1001,50,0,"
2024-06-27 09:03:51.443331,"0,2504,1001,50,0,"
2024-06-27 09:03:54.082628,"0,2504,1001,50,0,"
2024-06-27 09:03:54.144048,"0,2501,1002,8003,5,0,0,0,0,0,0,0,0,0,0,0,0,0,0,0,0,0,1,60000,200,20,100,100,60000,1000,20,0,0.9,0.003125,0.003125,2,5,1,0.2,0.05,0.01,1,0,0,0,0,0,0,1,1,1,1,27,29,31,33,39,40,41,42,11,2,3,4,5,6,7,8,9,10,24,26,28,30,32,22,47,54,0,8,1,0,115200,115200,115200,4003,0"
2024-06-27 09:03:56.082245,"0,2504,1515,8003,0.00,0.00,-0.00,27.20,1600.00,0.00,0,200.00,2.00,5.00,1.00,0,20.00,0.20,0.05,0.01,0.00,0.00,0.00,0.00,0,"
2024-06-27 09:03:58.090734,"0,2504,1515,8003,0.00,0.00,-0.01,27.25,1600.00,0.00,0,200.00,2.00,5.00,1.00,0,20.00,0.20,0.05,0.01,0.00,0.00,0.00,0.00,0,"
2024-06-27 09:04:00.087047,"0,2504,1515,8003,0.00,0.00,0.00,27.25,1600.00,0.00,0,200.00,2.00,5.00,1.00,0,20.00,0.20,0.05,0.01,0.00,0.00,0.00,0.00,0,"
2024-06-27 09:04:02.082137,"0,2504,1515,8003,0.00,0.00,-0.00,27.23,1600.00,0.00,0,200.00,2.00,5.00,1.00,0,20.00,0.20,0.05,0.01,0.00,0.00,0.00,0.00,0,"
2024-06-27 09:04:05.076104,"0,2504,1001,50,0,"
2024-06-27 09:04:07.808138,"0,2504,1001,50,0,"
2024-06-27 09:04:13.606633,"0,2504,1001,50,0,"
2024-06-27 09:04:13.668031,"0,2501,1002,8004,10,0,0,0,0,0,0,0,0,0,0,0,0,0,0,0,0,0,1,60000,200,20,100,100,60000,1000,20,0,0.9,0.003125,0.003125,2,5,1,0.2,0.05,0.01,1,0,0,0,0,0,0,1,1,1,1,27,29,31,33,39,40,41,42,11,2,3,4,5,6,7,8,9,10,24,26,28,30,32,22,47,54,0,8,1,0,115200,115200,115200,4004,0"
2024-06-27 09:04:15.606381,"0,2504,1515,8004,0.00,0.00,-0.01,27.17,3200.00,0.00,0,200.00,2.00,5.00,1.00,0,20.00,0.20,0.05,0.01,0.00,0.00,0.00,0.00,0,"
2024-06-27 09:04:17.609422,"0,2504,1515,8004,0.00,0.00,-0.00,27.15,3200.00,0.00,0,200.00,2.00,5.00,1.00,0,20.00,0.20,0.05,0.01,0.00,0.00,0.00,0.00,0,"
2024-06-27 09:04:19.618191,"0,2504,1515,8004,0.00,0.00,-0.00,27.14,3200.00,0.00,0,200.00,2.00,5.00,1.00,0,20.00,0.20,0.05,0.01,0.00,0.00,0.00,0.00,0,"
2024-06-27 09:04:21.953180,"0,2504,1001,50,0,"
2024-06-27 09:04:24.092723,"0,2504,1001,50,0,"
2024-06-27 09:04:47.477712,"0,2504,1001,50,0,"
2024-06-27 09:04:47.539258,"0,2501,1002,8005,50,0,0,0,0,0,0,0,0,0,0,0,0,0,0,0,0,0,1,60000,200,20,100,100,60000,1000,20,0,0.9,0.003125,0.003125,2,5,1,0.2,0.05,0.01,1,0,0,0,0,0,0,1,1,1,1,27,29,31,33,39,40,41,42,11,2,3,4,5,6,7,8,9,10,24,26,28,30,32,22,47,54,0,8,2,0,115200,115200,115200,4005,0"
2024-06-27 09:04:49.477708,"0,2504,1515,8005,0.00,0.00,-0.01,27.16,16000.00,0.00,0,200.00,2.00,5.00,1.00,0,20.00,0.20,0.05,0.01,0.00,0.00,0.00,0.00,0,"
2024-06-27 09:04:51.482164,"0,2504,1515,8005,0.00,0.00,-0.00,27.19,16000.00,0.00,0,200.00,2.00,5.00,1.00,0,20.00,0.20,0.05,0.01,0.00,0.00,0.00,0.00,0,"
2024-06-27 09:04:53.536227,"0,2504,1001,50,0,"
2024-06-27 09:04:55.692753,"0,2504,1001,50,0,"
2024-06-27 09:05:52.056890,"0,2504,1001,50,0,"
2024-06-27 09:05:52.121636,"0,2501,1002,8008,1000,0,0,0,0,0,0,0,0,0,0,0,0,0,0,0,0,0,1,60000,200,20,100,100,60000,1000,20,0,0.9,0.003125,0.003125,2,5,1,0.2,0.05,0.01,1,0,0,0,0,0,0,1,1,1,1,27,29,31,33,39,40,41,42,11,2,3,4,5,6,7,8,9,10,24,26,28,30,32,22,47,54,0,8,2,0,115200,115200,115200,4008,0"
2024-06-27 09:05:54.046866,"0,2504,1515,8008,0.00,0.00,-0.00,27.12,100000.00,0.00,0,200.00,2.00,5.00,1.00,0,20.00,0.20,0.05,0.01,0.00,0.00,0.00,0.00,0,"
2024-06-27 09:05:56.050388,"0,2504,1515,8008,0.00,0.00,-0.01,27.17,100000.00,0.00,0,200.00,2.00,5.00,1.00,0,20.00,0.20,0.05,0.01,0.00,0.00,0.00,0.00,0,"
2024-06-27 09:05:58.044652,"0,2504,1515,8008,0.00,0.00,-0.01,27.15,100000.00,0.00,0,200.00,2.00,5.00,1.00,0,20.00,0.20,0.05,0.01,0.00,0.00,0.00,0.00,0,"
2024-06-27 09:06:00.047639,"0,2504,1515,8008,0.00,0.00,-0.01,27.17,100000.00,0.00,0,200.00,2.00,5.00,1.00,0,20.00,0.20,0.05,0.01,0.00,0.00,0.00,0.00,0,"
2024-06-27 09:06:02.573917,"0,2504,1001,50,0,"
2024-06-27 09:06:05.477247,"0,2504,1001,50,0,"
2024-06-27 09:06:05.528823,"0,2501,1002,8008,1000,0,0,0,0,0,0,0,0,0,0,0,0,0,0,0,0,0,1,60000,200,20,100,100,60000,1000,20,0,0.9,0.003125,0.003125,2,5,1,0.2,0.05,0.01,1,0,0,0,0,0,0,1,1,1,1,27,29,31,33,39,40,41,42,11,2,3,4,5,6,7,8,9,10,24,26,28,30,32,22,47,54,0,8,2,0,115200,115200,115200,4008,0"
2024-06-27 09:06:07.485753,"0,2504,1515,8008,0.00,0.00,-0.01,27.16,100000.00,0.00,0,200.00,2.00,5.00,1.00,0,20.00,0.20,0.05,0.01,0.00,0.00,0.00,0.00,0,"
2024-06-27 09:06:10.740763,"0,2504,1001,50,0,"
2024-06-27 09:06:12.819903,"0,2504,1001,50,0,"
2024-06-27 09:41:54.554429,"0,2504,1001,50,0,"
2024-06-27 09:41:54.610095,"0,2501,1002,8001,1,0,0,0,0,0,0,0,0,0,0,0,0,0,0,0,0,0,1,60000,200,20,100,100,60000,1000,20,0,0.9,0.003125,0.003125,2,5,1,0.2,0.05,0.01,1,0,0,0,0,0,0,1,1,1,1,27,29,31,33,39,40,41,42,11,2,3,4,5,6,7,8,9,10,24,26,28,30,32,22,47,54,0,8,0,0,115200,115200,115200,4001,0"
2024-06-27 09:41:56.551187,"0,2504,1515,8001,0.00,0.00,0.00,0.00,320.00,0.00,0,200.00,2.00,5.00,1.00,0,20.00,0.20,0.05,0.01,0.00,0.00,0.00,0.00,0,"
2024-06-27 09:41:58.557217,"0,2504,1515,8001,0.00,0.00,0.00,21.32,320.00,0.00,0,200.00,2.00,5.00,1.00,0,20.00,0.20,0.05,0.01,0.00,0.00,0.00,0.00,0,"
2024-06-27 09:42:00.555030,"0,2504,1515,8001,0.00,0.00,0.01,21.59,320.00,0.00,0,200.00,2.00,5.00,1.00,0,20.00,0.20,0.05,0.01,0.00,0.00,0.00,0.00,0,"
2024-06-27 09:42:02.555304,"0,2504,1515,8001,0.00,0.00,-0.01,21.53,320.00,0.00,0,200.00,2.00,5.00,1.00,0,20.00,0.20,0.05,0.01,0.00,0.00,0.00,0.00,0,"
2024-06-27 09:42:04.555211,"0,2504,1515,8001,0.00,0.00,-0.00,21.76,320.00,0.00,0,200.00,2.00,5.00,1.00,0,20.00,0.20,0.05,0.01,0.00,0.00,0.00,0.00,0,"
2024-06-27 09:42:06.556698,"0,2504,1515,8001,0.00,0.00,-0.00,21.91,320.00,0.00,0,200.00,2.00,5.00,1.00,0,20.00,0.20,0.05,0.01,0.00,0.00,0.00,0.00,0,"
2024-06-27 09:42:08.550608,"0,2504,1515,8001,0.00,0.00,-0.17,21.87,320.00,0.00,0,200.00,2.00,5.00,1.00,0,20.00,0.20,0.05,0.01,0.00,0.00,0.00,0.00,0,"
2024-06-27 09:42:10.554069,"0,2504,1515,8001,0.00,0.00,-0.04,21.65,320.00,0.00,0,200.00,2.00,5.00,1.00,0,20.00,0.20,0.05,0.01,0.00,0.00,0.00,0.00,0,"
2024-06-27 09:42:12.557384,"0,2504,1515,8001,0.00,0.00,0.01,21.64,320.00,0.00,0,200.00,2.00,5.00,1.00,0,20.00,0.20,0.05,0.01,0.00,0.00,0.00,0.00,0,"
2024-06-27 09:42:14.555396,"0,2504,1515,8001,0.00,0.00,-0.00,21.84,320.00,0.00,0,200.00,2.00,5.00,1.00,0,20.00,0.20,0.05,0.01,0.00,0.00,0.00,0.00,0,"
2024-06-27 09:42:16.554412,"0,2504,1515,8001,0.00,0.00,-0.00,21.96,320.00,0.00,0,200.00,2.00,5.00,1.00,0,20.00,0.20,0.05,0.01,0.00,0.00,0.00,0.00,0,"
2024-06-27 09:42:18.551940,"0,2504,1515,8001,0.00,0.00,-0.16,21.75,320.00,0.00,0,200.00,2.00,5.00,1.00,0,20.00,0.20,0.05,0.01,0.00,0.00,0.00,0.00,0,"
2024-06-27 09:42:20.552212,"0,2504,1515,8001,0.00,0.00,-0.16,21.55,320.00,0.00,0,200.00,2.00,5.00,1.00,0,20.00,0.20,0.05,0.01,0.00,0.00,0.00,0.00,0,"
2024-06-27 09:42:22.553913,"0,2504,1515,8001,0.00,0.00,-0.00,21.69,320.00,0.00,0,200.00,2.00,5.00,1.00,0,20.00,0.20,0.05,0.01,0.00,0.00,0.00,0.00,0,"
2024-06-27 09:42:24.553174,"0,2504,1515,8001,0.00,0.00,0.00,21.86,320.00,0.00,0,200.00,2.00,5.00,1.00,0,20.00,0.20,0.05,0.01,0.00,0.00,0.00,0.00,0,"
2024-06-27 09:42:26.555943,"0,2504,1515,8001,0.00,0.00,-0.08,21.90,320.00,0.00,0,200.00,2.00,5.00,1.00,0,20.00,0.20,0.05,0.01,0.00,0.00,0.00,0.00,0,"
2024-06-27 09:42:28.557319,"0,2504,1515,8001,0.00,0.00,-0.06,21.62,320.00,0.00,0,200.00,2.00,5.00,1.00,0,20.00,0.20,0.05,0.01,0.00,0.00,0.00,0.00,0,"
2024-06-27 09:42:30.553259,"0,2504,1515,8001,0.00,0.00,-0.14,21.52,320.00,0.00,0,200.00,2.00,5.00,1.00,0,20.00,0.20,0.05,0.01,0.00,0.00,0.00,0.00,0,"
2024-06-27 09:42:32.551517,"0,2504,1515,8001,0.00,0.00,0.01,21.68,320.00,0.00,0,200.00,2.00,5.00,1.00,0,20.00,0.20,0.05,0.01,0.00,0.00,0.00,0.00,0,"
2024-06-27 09:42:34.554881,"0,2504,1515,8001,0.00,0.00,-0.00,21.88,320.00,0.00,0,200.00,2.00,5.00,1.00,0,20.00,0.20,0.05,0.01,0.00,0.00,0.00,0.00,0,"
2024-06-27 09:42:36.549919,"0,2504,1515,8001,0.00,0.00,-0.18,21.86,320.00,0.00,0,200.00,2.00,5.00,1.00,0,20.00,0.20,0.05,0.01,0.00,0.00,0.00,0.00,0,"
2024-06-27 09:42:38.557299,"0,2504,1515,8001,0.00,0.00,-0.01,21.54,320.00,0.00,0,200.00,2.00,5.00,1.00,0,20.00,0.20,0.05,0.01,0.00,0.00,0.00,0.00,0,"
2024-06-27 09:42:40.551678,"0,2504,1515,8001,0.00,0.00,-0.11,21.25,320.00,0.00,0,200.00,2.00,5.00,1.00,0,20.00,0.20,0.05,0.01,0.00,0.00,0.00,0.00,0,"
2024-06-27 09:42:42.555044,"0,2504,1515,8001,0.00,0.00,0.02,21.48,320.00,0.00,0,200.00,2.00,5.00,1.00,0,20.00,0.20,0.05,0.01,0.00,0.00,0.00,0.00,0,"
2024-06-27 09:42:44.557558,"0,2504,1515,8001,0.00,0.00,0.13,21.74,320.00,0.00,0,200.00,2.00,5.00,1.00,0,20.00,0.20,0.05,0.01,0.00,0.00,0.00,0.00,0,"
2024-06-27 09:42:46.558380,"0,2504,1515,8001,0.00,0.00,-0.33,21.50,320.00,0.00,0,200.00,2.00,5.00,1.00,0,20.00,0.20,0.05,0.01,0.00,0.00,0.00,0.00,0,"
2024-06-27 09:42:48.556842,"0,2504,1515,8001,0.00,0.00,-0.61,21.41,320.00,0.00,0,200.00,2.00,5.00,1.00,0,20.00,0.20,0.05,0.01,0.00,0.00,0.00,0.00,0,"
2024-06-27 09:42:50.590000,"0,2504,1515,8001,0.00,0.00,-0.02,21.50,320.00,0.00,0,200.00,2.00,5.00,1.00,0,20.00,0.20,0.05,0.01,0.00,0.00,0.00,0.00,0,"
2024-06-27 09:42:52.550022,"0,2504,1515,8001,0.00,0.00,0.00,21.81,320.00,0.00,0,200.00,2.00,5.00,1.00,0,20.00,0.20,0.05,0.01,0.00,0.00,0.00,0.00,0,"
2024-06-27 09:42:54.548272,"0,2504,1001,46,0,"
2024-06-27 09:42:54.584756,"0,2504,1515,8001,0.00,0.00,-0.44,21.80,320.00,0.00,0,200.00,2.00,5.00,1.00,0,20.00,0.20,0.05,0.01,0.00,0.00,0.00,0.00,0,"
2024-06-27 09:42:54.629697,"0,2501,1002,9999,0,0,0,0,0,0,0,0,0,0,0,0,0,0,0,0,0,0,0,60000,0,0,100,100,60000,1000,0,0,0,0.003125,0.003125,0,0,0,0,0,0,1,0,0,0,0,0,0,1,1,1,1,27,29,31,33,39,40,41,42,11,2,3,4,5,6,7,8,9,10,24,26,28,30,32,22,47,54,0,8,0,0,115200,115200,115200,4001,0"
2024-06-27 09:42:56.600923,"0,2504,1515,9999,0.00,0.00,-0.00,21.75,0.00,0.00,0,0.00,0.00,0.00,0.00,0,0.00,0.00,0.00,0.00,0.00,0.00,0.00,0.00,0,"
2024-06-27 09:42:58.594250,"0,2504,1515,9999,0.00,0.00,0.00,21.91,0.00,0.00,0,0.00,0.00,0.00,0.00,0,0.00,0.00,0.00,0.00,0.00,0.00,0.00,0.00,0,"
2024-06-27 09:43:00.600620,"0,2504,1515,9999,0.00,0.00,0.00,22.07,0.00,0.00,0,0.00,0.00,0.00,0.00,0,0.00,0.00,0.00,0.00,0.00,0.00,0.00,0.00,0,"
2024-06-27 09:43:03.653826,"0,2504,1001,50,0,"
2024-06-27 09:43:05.822025,"0,2504,1001,50,0,"
2024-06-27 09:43:20.383972,"0,2504,1001,50,0,"
2024-06-27 09:43:22.586915,"0,2504,1001,50,0,"
2024-06-27 09:43:32.116763,"0,2504,1001,50,0,"
2024-06-27 09:43:32.175758,"0,2501,1002,8002,2,0,0,0,0,0,0,0,0,0,0,0,0,0,0,0,0,0,1,60000,200,20,100,100,60000,1000,20,0,0.9,0.003125,0.003125,2,5,1,0.2,0.05,0.01,1,0,0,0,0,0,0,1,1,1,1,27,29,31,33,39,40,41,42,11,2,3,4,5,6,7,8,9,10,24,26,28,30,32,22,47,54,0,8,0,0,115200,115200,115200,4002,0"
2024-06-27 09:43:34.126524,"0,2504,1515,8002,0.00,0.00,-0.61,22.66,640.00,0.00,0,200.00,2.00,5.00,1.00,0,20.00,0.20,0.05,0.01,0.00,0.00,0.00,0.00,0,"
2024-06-27 09:43:36.126839,"0,2504,1515,8002,0.00,0.00,0.01,21.96,640.00,0.00,0,200.00,2.00,5.00,1.00,0,20.00,0.20,0.05,0.01,0.00,0.00,0.00,0.00,0,"
2024-06-27 09:43:38.125630,"0,2504,1515,8002,0.00,0.00,-0.12,22.02,640.00,0.00,0,200.00,2.00,5.00,1.00,0,20.00,0.20,0.05,0.01,0.00,0.00,0.00,0.00,0,"
2024-06-27 09:43:40.126806,"0,2504,1515,8002,0.00,0.00,-0.52,21.58,640.00,0.00,0,200.00,2.00,5.00,1.00,0,20.00,0.20,0.05,0.01,0.00,0.00,0.00,0.00,0,"
2024-06-27 09:43:42.126955,"0,2504,1515,8002,0.00,0.00,-0.14,21.89,640.00,0.00,0,200.00,2.00,5.00,1.00,0,20.00,0.20,0.05,0.01,0.00,0.00,0.00,0.00,0,"
2024-06-27 09:43:44.123660,"0,2504,1515,8002,0.00,0.00,-0.22,21.64,640.00,0.00,0,200.00,2.00,5.00,1.00,0,20.00,0.20,0.05,0.01,0.00,0.00,0.00,0.00,0,"
2024-06-27 09:43:46.121900,"0,2504,1515,8002,0.00,0.00,0.01,21.91,640.00,0.00,0,200.00,2.00,5.00,1.00,0,20.00,0.20,0.05,0.01,0.00,0.00,0.00,0.00,0,"
2024-06-27 09:43:48.121333,"0,2504,1515,8002,0.00,0.00,-0.60,21.86,640.00,0.00,0,200.00,2.00,5.00,1.00,0,20.00,0.20,0.05,0.01,0.00,0.00,0.00,0.00,0,"
2024-06-27 09:43:50.125021,"0,2504,1515,8002,0.00,0.00,-0.00,21.92,640.00,0.00,0,200.00,2.00,5.00,1.00,0,20.00,0.20,0.05,0.01,0.00,0.00,0.00,0.00,0,"
2024-06-27 09:43:52.126325,"0,2504,1515,8002,0.00,0.00,-0.00,22.18,640.00,0.00,0,200.00,2.00,5.00,1.00,0,20.00,0.20,0.05,0.01,0.00,0.00,0.00,0.00,0,"
2024-06-27 09:43:54.127660,"0,2504,1515,8002,0.00,0.00,-0.40,21.89,640.00,0.00,0,200.00,2.00,5.00,1.00,0,20.00,0.20,0.05,0.01,0.00,0.00,0.00,0.00,0,"
2024-06-27 09:43:56.127427,"0,2504,1515,8002,0.00,0.00,-0.15,22.33,640.00,0.00,0,200.00,2.00,5.00,1.00,0,20.00,0.20,0.05,0.01,0.00,0.00,0.00,0.00,0,"
2024-06-27 09:43:58.126497,"0,2504,1515,8002,0.00,0.00,-0.15,22.09,640.00,0.00,0,200.00,2.00,5.00,1.00,0,20.00,0.20,0.05,0.01,0.00,0.00,0.00,0.00,0,"
2024-06-27 09:44:00.128752,"0,2504,1515,8002,0.00,0.00,0.01,22.33,640.00,0.00,0,200.00,2.00,5.00,1.00,0,20.00,0.20,0.05,0.01,0.00,0.00,0.00,0.00,0,"
2024-06-27 09:44:02.121541,"0,2504,1515,8002,0.00,0.00,-1.03,22.36,640.00,0.00,0,200.00,2.00,5.00,1.00,0,20.00,0.20,0.05,0.01,0.00,0.00,0.00,0.00,0,"
2024-06-27 09:44:04.128572,"0,2504,1515,8002,0.00,0.00,-0.01,22.40,640.00,0.00,0,200.00,2.00,5.00,1.00,0,20.00,0.20,0.05,0.01,0.00,0.00,0.00,0.00,0,"
2024-06-27 09:44:06.128404,"0,2504,1515,8002,0.00,0.00,-0.05,22.65,640.00,0.00,0,200.00,2.00,5.00,1.00,0,20.00,0.20,0.05,0.01,0.00,0.00,0.00,0.00,0,"
2024-06-27 09:44:08.124403,"0,2504,1515,8002,0.00,0.00,-0.41,22.40,640.00,0.00,0,200.00,2.00,5.00,1.00,0,20.00,0.20,0.05,0.01,0.00,0.00,0.00,0.00,0,"
2024-06-27 09:44:10.121243,"0,2504,1515,8002,0.00,0.00,-0.08,22.68,640.00,0.00,0,200.00,2.00,5.00,1.00,0,20.00,0.20,0.05,0.01,0.00,0.00,0.00,0.00,0,"
2024-06-27 09:44:12.125917,"0,2504,1515,8002,0.00,0.00,-0.48,22.45,640.00,0.00,0,200.00,2.00,5.00,1.00,0,20.00,0.20,0.05,0.01,0.00,0.00,0.00,0.00,0,"
2024-06-27 09:44:14.129404,"0,2504,1515,8002,0.00,0.00,0.00,22.68,640.00,0.00,0,200.00,2.00,5.00,1.00,0,20.00,0.20,0.05,0.01,0.00,0.00,0.00,0.00,0,"
2024-06-27 09:44:16.125993,"0,2504,1515,8002,0.00,0.00,-0.46,22.69,640.00,0.00,0,200.00,2.00,5.00,1.00,0,20.00,0.20,0.05,0.01,0.00,0.00,0.00,0.00,0,"
2024-06-27 09:44:18.125855,"0,2504,1515,8002,0.00,0.00,-0.03,22.48,640.00,0.00,0,200.00,2.00,5.00,1.00,0,20.00,0.20,0.05,0.01,0.00,0.00,0.00,0.00,0,"
2024-06-27 09:44:20.126235,"0,2504,1515,8002,0.00,0.00,-0.03,22.83,640.00,0.00,0,200.00,2.00,5.00,1.00,0,20.00,0.20,0.05,0.01,0.00,0.00,0.00,0.00,0,"
2024-06-27 09:44:22.122216,"0,2504,1515,8002,0.00,0.00,-0.26,22.51,640.00,0.00,0,200.00,2.00,5.00,1.00,0,20.00,0.20,0.05,0.01,0.00,0.00,0.00,0.00,0,"
2024-06-27 09:44:24.123981,"0,2504,1515,8002,0.00,0.00,-0.15,22.81,640.00,0.00,0,200.00,2.00,5.00,1.00,0,20.00,0.20,0.05,0.01,0.00,0.00,0.00,0.00,0,"
2024-06-27 09:44:26.128747,"0,2504,1515,8002,0.00,0.00,-0.28,22.56,640.00,0.00,0,200.00,2.00,5.00,1.00,0,20.00,0.20,0.05,0.01,0.00,0.00,0.00,0.00,0,"
2024-06-27 09:44:28.129233,"0,2504,1515,8002,0.00,0.00,0.01,22.69,640.00,0.00,0,200.00,2.00,5.00,1.00,0,20.00,0.20,0.05,0.01,0.00,0.00,0.00,0.00,0,"
2024-06-27 09:44:30.124396,"0,2504,1515,8002,0.00,0.00,-0.69,22.73,640.00,0.00,0,200.00,2.00,5.00,1.00,0,20.00,0.20,0.05,0.01,0.00,0.00,0.00,0.00,0,"
2024-06-27 09:44:32.116756,"0,2504,1001,46,0,"
2024-06-27 09:44:32.147691,"0,2504,1515,8002,0.00,0.00,0.04,22.56,640.00,0.00,0,200.00,2.00,5.00,1.00,0,20.00,0.20,0.05,0.01,0.00,0.00,0.00,0.00,0,"
2024-06-27 09:44:32.171257,"0,2501,1002,9999,0,0,0,0,0,0,0,0,0,0,0,0,0,0,0,0,0,0,0,60000,0,0,100,100,60000,600000,0,0,0,0.003125,0.003125,0,0,0,0,0,0,1,0,0,0,0,0,0,1,1,1,1,27,29,31,33,39,40,41,42,11,2,3,4,5,6,7,8,9,10,24,26,28,30,32,22,47,54,0,8,0,0,115200,115200,115200,4001,015200"
