2024-10-18 10:06:15.883330,"0,2501,1001,50,7.5,1.2,25.3,12.4,1500,1400,1.1,1.5,0.25,0.05,0.1,2.5,8.0,0.2,0.04,0.08,7.4,7.6,7.3,7.5,0"
2024-10-18 10:06:15.892935,"0,2501,1515,50,7.5,1.2,25.3,12.4,1500,1400,1.1,1.5,0.25,0.05,0.1,2.5,8.0,0.2,0.04,0.08,7.4,7.6,7.3,7.5,0"
2024-10-18 10:06:20.880503,"0,2501,1001,50,7.5,1.2,25.3,12.4,1500,1400,1.1,1.5,0.25,0.05,0.1,2.5,8.0,0.2,0.04,0.08,7.4,7.6,7.3,7.5,0"
2024-10-18 10:06:20.987503,"0,2501,1515,50,7.5,1.2,25.3,12.4,1500,1400,1.1,1.5,0.25,0.05,0.1,2.5,8.0,0.2,0.04,0.08,7.4,7.6,7.3,7.5,0"
2024-10-18 10:06:26.093576,"0,2501,1001,50,7.5,1.2,25.3,12.4,1500,1400,1.1,1.5,0.25,0.05,0.1,2.5,8.0,0.2,0.04,0.08,7.4,7.6,7.3,7.5,0"
2024-10-18 10:06:26.105147,"0,2501,1515,50,7.5,1.2,25.3,12.4,1500,1400,1.1,1.5,0.25,0.05,0.1,2.5,8.0,0.2,0.04,0.08,7.4,7.6,7.3,7.5,0"
2024-10-18 10:06:35.013185,"0,2501,1001,50,7.5,1.2,25.3,12.4,1500,1400,1.1,1.5,0.25,0.05,0.1,2.5,8.0,0.2,0.04,0.08,7.4,7.6,7.3,7.5,0"
2024-10-18 10:06:35.034781,"0,2501,1515,50,7.5,1.2,25.3,12.4,1500,1400,1.1,1.5,0.25,0.05,0.1,2.5,8.0,0.2,0.04,0.08,7.4,7.6,7.3,7.5,0"
2024-10-18 10:06:40.054530,"0,2501,1001,50,7.5,1.2,25.3,12.4,1500,1400,1.1,1.5,0.25,0.05,0.1,2.5,8.0,0.2,0.04,0.08,7.4,7.6,7.3,7.5,0"
2024-10-18 10:06:40.161336,"0,2501,1515,50,7.5,1.2,25.3,12.4,1500,1400,1.1,1.5,0.25,0.05,0.1,2.5,8.0,0.2,0.04,0.08,7.4,7.6,7.3,7.5,0"
2024-10-18 10:06:45.266414,"0,2501,1001,50,7.5,1.2,25.3,12.4,1500,1400,1.1,1.5,0.25,0.05,0.1,2.5,8.0,0.2,0.04,0.08,7.4,7.6,7.3,7.5,0"
2024-10-18 10:06:45.276413,"0,2501,1515,50,7.5,1.2,25.3,12.4,1500,1400,1.1,1.5,0.25,0.05,0.1,2.5,8.0,0.2,0.04,0.08,7.4,7.6,7.3,7.5,0"
2024-10-18 10:06:50.382499,"0,2501,1001,50,7.5,1.2,25.3,12.4,1500,1400,1.1,1.5,0.25,0.05,0.1,2.5,8.0,0.2,0.04,0.08,7.4,7.6,7.3,7.5,0"
2024-10-18 10:06:50.392845,"0,2501,1515,50,7.5,1.2,25.3,12.4,1500,1400,1.1,1.5,0.25,0.05,0.1,2.5,8.0,0.2,0.04,0.08,7.4,7.6,7.3,7.5,0"
2024-10-18 10:06:55.498411,"0,2501,1001,50,7.5,1.2,25.3,12.4,1500,1400,1.1,1.5,0.25,0.05,0.1,2.5,8.0,0.2,0.04,0.08,7.4,7.6,7.3,7.5,0"
2024-10-18 10:06:55.515994,"0,2501,1515,50,7.5,1.2,25.3,12.4,1500,1400,1.1,1.5,0.25,0.05,0.1,2.5,8.0,0.2,0.04,0.08,7.4,7.6,7.3,7.5,0"
2024-10-18 10:07:00.517952,"0,2501,1001,50,7.5,1.2,25.3,12.4,1500,1400,1.1,1.5,0.25,0.05,0.1,2.5,8.0,0.2,0.04,0.08,7.4,7.6,7.3,7.5,0"
2024-10-18 10:07:04.514329,"0,2501,1515,50,7.5,1.2,25.3,12.4,1500,1400,1.1,1.5,0.25,0.05,0.1,2.5,8.0,0.2,0.04,0.08,7.4,7.6,7.3,7.5,0"
2024-10-18 10:07:09.540089,"0,2501,1001,50,7.5,1.2,25.3,12.4,1500,1400,1.1,1.5,0.25,0.05,0.1,2.5,8.0,0.2,0.04,0.08,7.4,7.6,7.3,7.5,0"
2024-10-18 10:07:09.644447,"0,2501,1515,50,7.5,1.2,25.3,12.4,1500,1400,1.1,1.5,0.25,0.05,0.1,2.5,8.0,0.2,0.04,0.08,7.4,7.6,7.3,7.5,0"
2024-10-18 10:07:14.656020,"0,2501,1001,50,7.5,1.2,25.3,12.4,1500,1400,1.1,1.5,0.25,0.05,0.1,2.5,8.0,0.2,0.04,0.08,7.4,7.6,7.3,7.5,0"
2024-10-18 10:07:14.666060,"0,2501,1515,50,7.5,1.2,25.3,12.4,1500,1400,1.1,1.5,0.25,0.05,0.1,2.5,8.0,0.2,0.04,0.08,7.4,7.6,7.3,7.5,0"
2024-10-18 10:07:19.775654,"0,2501,1001,50,7.5,1.2,25.3,12.4,1500,1400,1.1,1.5,0.25,0.05,0.1,2.5,8.0,0.2,0.04,0.08,7.4,7.6,7.3,7.5,0"
2024-10-18 10:07:19.786649,"0,2501,1515,50,7.5,1.2,25.3,12.4,1500,1400,1.1,1.5,0.25,0.05,0.1,2.5,8.0,0.2,0.04,0.08,7.4,7.6,7.3,7.5,0"
2024-10-18 10:07:24.889690,"0,2501,1001,50,7.5,1.2,25.3,12.4,1500,1400,1.1,1.5,0.25,0.05,0.1,2.5,8.0,0.2,0.04,0.08,7.4,7.6,7.3,7.5,0"
2024-10-18 10:07:24.901766,"0,2501,1515,50,7.5,1.2,25.3,12.4,1500,1400,1.1,1.5,0.25,0.05,0.1,2.5,8.0,0.2,0.04,0.08,7.4,7.6,7.3,7.5,0"
2024-10-18 10:07:30.007089,"0,2501,1001,50,7.5,1.2,25.3,12.4,1500,1400,1.1,1.5,0.25,0.05,0.1,2.5,8.0,0.2,0.04,0.08,7.4,7.6,7.3,7.5,0"
2024-10-18 10:07:33.992310,"0,2501,1515,50,7.5,1.2,25.3,12.4,1500,1400,1.1,1.5,0.25,0.05,0.1,2.5,8.0,0.2,0.04,0.08,7.4,7.6,7.3,7.5,0"
2024-10-18 10:07:39.003040,"0,2501,1001,50,7.5,1.2,25.3,12.4,1500,1400,1.1,1.5,0.25,0.05,0.1,2.5,8.0,0.2,0.04,0.08,7.4,7.6,7.3,7.5,0"
2024-10-18 10:07:39.014192,"0,2501,1515,50,7.5,1.2,25.3,12.4,1500,1400,1.1,1.5,0.25,0.05,0.1,2.5,8.0,0.2,0.04,0.08,7.4,7.6,7.3,7.5,0"
2024-10-18 10:07:44.119473,"0,2501,1001,50,7.5,1.2,25.3,12.4,1500,1400,1.1,1.5,0.25,0.05,0.1,2.5,8.0,0.2,0.04,0.08,7.4,7.6,7.3,7.5,0"
2024-10-18 10:07:44.130482,"0,2501,1515,50,7.5,1.2,25.3,12.4,1500,1400,1.1,1.5,0.25,0.05,0.1,2.5,8.0,0.2,0.04,0.08,7.4,7.6,7.3,7.5,0"
2024-10-18 10:07:49.235709,"0,2501,1001,50,7.5,1.2,25.3,12.4,1500,1400,1.1,1.5,0.25,0.05,0.1,2.5,8.0,0.2,0.04,0.08,7.4,7.6,7.3,7.5,0"
2024-10-18 10:07:49.246972,"0,2501,1515,50,7.5,1.2,25.3,12.4,1500,1400,1.1,1.5,0.25,0.05,0.1,2.5,8.0,0.2,0.04,0.08,7.4,7.6,7.3,7.5,0"
2024-10-18 10:07:54.352571,"0,2501,1001,50,7.5,1.2,25.3,12.4,1500,1400,1.1,1.5,0.25,0.05,0.1,2.5,8.0,0.2,0.04,0.08,7.4,7.6,7.3,7.5,0"
2024-10-18 10:07:54.459912,"0,2501,1515,50,7.5,1.2,25.3,12.4,1500,1400,1.1,1.5,0.25,0.05,0.1,2.5,8.0,0.2,0.04,0.08,7.4,7.6,7.3,7.5,0"
2024-10-18 10:07:59.471730,"0,2501,1001,50,7.5,1.2,25.3,12.4,1500,1400,1.1,1.5,0.25,0.05,0.1,2.5,8.0,0.2,0.04,0.08,7.4,7.6,7.3,7.5,0"
2024-10-18 10:07:59.480930,"0,2501,1515,50,7.5,1.2,25.3,12.4,1500,1400,1.1,1.5,0.25,0.05,0.1,2.5,8.0,0.2,0.04,0.08,7.4,7.6,7.3,7.5,0"
2024-10-18 10:08:08.236466,"0,2501,1001,50,7.5,1.2,25.3,12.4,1500,1400,1.1,1.5,0.25,0.05,0.1,2.5,8.0,0.2,0.04,0.08,7.4,7.6,7.3,7.5,0"
2024-10-18 10:08:08.247911,"0,2501,1515,50,7.5,1.2,25.3,12.4,1500,1400,1.1,1.5,0.25,0.05,0.1,2.5,8.0,0.2,0.04,0.08,7.4,7.6,7.3,7.5,0"
2024-10-18 10:08:13.259193,"0,2501,1001,50,7.5,1.2,25.3,12.4,1500,1400,1.1,1.5,0.25,0.05,0.1,2.5,8.0,0.2,0.04,0.08,7.4,7.6,7.3,7.5,0"
2024-10-18 10:08:13.270209,"0,2501,1515,50,7.5,1.2,25.3,12.4,1500,1400,1.1,1.5,0.25,0.05,0.1,2.5,8.0,0.2,0.04,0.08,7.4,7.6,7.3,7.5,0"
2024-10-18 10:08:18.280574,"0,2501,1001,50,7.5,1.2,25.3,12.4,1500,1400,1.1,1.5,0.25,0.05,0.1,2.5,8.0,0.2,0.04,0.08,7.4,7.6,7.3,7.5,0"
2024-10-18 10:08:18.290710,"0,2501,1515,50,7.5,1.2,25.3,12.4,1500,1400,1.1,1.5,0.25,0.05,0.1,2.5,8.0,0.2,0.04,0.08,7.4,7.6,7.3,7.5,0"
2024-10-18 10:08:23.300596,"0,2501,1001,50,7.5,1.2,25.3,12.4,1500,1400,1.1,1.5,0.25,0.05,0.1,2.5,8.0,0.2,0.04,0.08,7.4,7.6,7.3,7.5,0"
2024-10-18 10:08:23.312272,"0,2501,1515,50,7.5,1.2,25.3,12.4,1500,1400,1.1,1.5,0.25,0.05,0.1,2.5,8.0,0.2,0.04,0.08,7.4,7.6,7.3,7.5,0"
2024-10-18 10:08:28.321710,"0,2501,1001,50,7.5,1.2,25.3,12.4,1500,1400,1.1,1.5,0.25,0.05,0.1,2.5,8.0,0.2,0.04,0.08,7.4,7.6,7.3,7.5,0"
2024-10-18 10:08:28.329822,"0,2501,1515,50,7.5,1.2,25.3,12.4,1500,1400,1.1,1.5,0.25,0.05,0.1,2.5,8.0,0.2,0.04,0.08,7.4,7.6,7.3,7.5,0"
2024-10-18 10:08:33.341478,"0,2501,1001,50,7.5,1.2,25.3,12.4,1500,1400,1.1,1.5,0.25,0.05,0.1,2.5,8.0,0.2,0.04,0.08,7.4,7.6,7.3,7.5,0"
2024-10-18 10:08:33.350761,"0,2501,1515,50,7.5,1.2,25.3,12.4,1500,1400,1.1,1.5,0.25,0.05,0.1,2.5,8.0,0.2,0.04,0.08,7.4,7.6,7.3,7.5,0"
2024-10-18 10:08:38.364479,"0,2501,1001,50,7.5,1.2,25.3,12.4,1500,1400,1.1,1.5,0.25,0.05,0.1,2.5,8.0,0.2,0.04,0.08,7.4,7.6,7.3,7.5,0"
2024-10-18 10:08:38.378493,"0,2501,1515,50,7.5,1.2,25.3,12.4,1500,1400,1.1,1.5,0.25,0.05,0.1,2.5,8.0,0.2,0.04,0.08,7.4,7.6,7.3,7.5,0"
2024-10-18 10:08:43.383223,"0,2501,1001,50,7.5,1.2,25.3,12.4,1500,1400,1.1,1.5,0.25,0.05,0.1,2.5,8.0,0.2,0.04,0.08,7.4,7.6,7.3,7.5,0"
2024-10-18 10:08:43.391774,"0,2501,1515,50,7.5,1.2,25.3,12.4,1500,1400,1.1,1.5,0.25,0.05,0.1,2.5,8.0,0.2,0.04,0.08,7.4,7.6,7.3,7.5,0"
2024-10-18 10:08:48.402233,"0,2501,1001,50,7.5,1.2,25.3,12.4,1500,1400,1.1,1.5,0.25,0.05,0.1,2.5,8.0,0.2,0.04,0.08,7.4,7.6,7.3,7.5,0"
2024-10-18 10:08:48.413548,"0,2501,1515,50,7.5,1.2,25.3,12.4,1500,1400,1.1,1.5,0.25,0.05,0.1,2.5,8.0,0.2,0.04,0.08,7.4,7.6,7.3,7.5,0"
2024-10-18 10:08:57.186121,"0,2501,1001,50,7.5,1.2,25.3,12.4,1500,1400,1.1,1.5,0.25,0.05,0.1,2.5,8.0,0.2,0.04,0.08,7.4,7.6,7.3,7.5,0"
2024-10-18 10:08:57.197651,"0,2501,1515,50,7.5,1.2,25.3,12.4,1500,1400,1.1,1.5,0.25,0.05,0.1,2.5,8.0,0.2,0.04,0.08,7.4,7.6,7.3,7.5,0"
2024-10-18 10:09:02.208985,"0,2501,1001,50,7.5,1.2,25.3,12.4,1500,1400,1.1,1.5,0.25,0.05,0.1,2.5,8.0,0.2,0.04,0.08,7.4,7.6,7.3,7.5,0"
2024-10-18 10:09:02.217256,"0,2501,1515,50,7.5,1.2,25.3,12.4,1500,1400,1.1,1.5,0.25,0.05,0.1,2.5,8.0,0.2,0.04,0.08,7.4,7.6,7.3,7.5,0"
2024-10-18 10:09:07.227329,"0,2501,1001,50,7.5,1.2,25.3,12.4,1500,1400,1.1,1.5,0.25,0.05,0.1,2.5,8.0,0.2,0.04,0.08,7.4,7.6,7.3,7.5,0"
2024-10-18 10:09:07.237524,"0,2501,1515,50,7.5,1.2,25.3,12.4,1500,1400,1.1,1.5,0.25,0.05,0.1,2.5,8.0,0.2,0.04,0.08,7.4,7.6,7.3,7.5,0"
2024-10-18 10:09:12.249546,"0,2501,1001,50,7.5,1.2,25.3,12.4,1500,1400,1.1,1.5,0.25,0.05,0.1,2.5,8.0,0.2,0.04,0.08,7.4,7.6,7.3,7.5,0"
2024-10-18 10:09:12.258472,"0,2501,1515,50,7.5,1.2,25.3,12.4,1500,1400,1.1,1.5,0.25,0.05,0.1,2.5,8.0,0.2,0.04,0.08,7.4,7.6,7.3,7.5,0"
2024-10-18 10:09:17.269289,"0,2501,1001,50,7.5,1.2,25.3,12.4,1500,1400,1.1,1.5,0.25,0.05,0.1,2.5,8.0,0.2,0.04,0.08,7.4,7.6,7.3,7.5,0"
2024-10-18 10:09:17.289012,"0,2501,1515,50,7.5,1.2,25.3,12.4,1500,1400,1.1,1.5,0.25,0.05,0.1,2.5,8.0,0.2,0.04,0.08,7.4,7.6,7.3,7.5,0"
2024-10-18 10:09:22.292110,"0,2501,1001,50,7.5,1.2,25.3,12.4,1500,1400,1.1,1.5,0.25,0.05,0.1,2.5,8.0,0.2,0.04,0.08,7.4,7.6,7.3,7.5,0"
2024-10-18 10:09:22.300708,"0,2501,1515,50,7.5,1.2,25.3,12.4,1500,1400,1.1,1.5,0.25,0.05,0.1,2.5,8.0,0.2,0.04,0.08,7.4,7.6,7.3,7.5,0"
2024-10-18 10:09:27.311454,"0,2501,1001,50,7.5,1.2,25.3,12.4,1500,1400,1.1,1.5,0.25,0.05,0.1,2.5,8.0,0.2,0.04,0.08,7.4,7.6,7.3,7.5,0"
2024-10-18 10:09:27.321451,"0,2501,1515,50,7.5,1.2,25.3,12.4,1500,1400,1.1,1.5,0.25,0.05,0.1,2.5,8.0,0.2,0.04,0.08,7.4,7.6,7.3,7.5,0"
2024-10-18 10:09:32.333616,"0,2501,1001,50,7.5,1.2,25.3,12.4,1500,1400,1.1,1.5,0.25,0.05,0.1,2.5,8.0,0.2,0.04,0.08,7.4,7.6,7.3,7.5,0"
2024-10-18 10:09:32.341733,"0,2501,1515,50,7.5,1.2,25.3,12.4,1500,1400,1.1,1.5,0.25,0.05,0.1,2.5,8.0,0.2,0.04,0.08,7.4,7.6,7.3,7.5,0"
2024-10-18 10:09:37.351662,"0,2501,1001,50,7.5,1.2,25.3,12.4,1500,1400,1.1,1.5,0.25,0.05,0.1,2.5,8.0,0.2,0.04,0.08,7.4,7.6,7.3,7.5,0"
2024-10-18 10:09:37.362274,"0,2501,1515,50,7.5,1.2,25.3,12.4,1500,1400,1.1,1.5,0.25,0.05,0.1,2.5,8.0,0.2,0.04,0.08,7.4,7.6,7.3,7.5,0"
2024-10-18 10:09:46.116308,"0,2501,1001,50,7.5,1.2,25.3,12.4,1500,1400,1.1,1.5,0.25,0.05,0.1,2.5,8.0,0.2,0.04,0.08,7.4,7.6,7.3,7.5,0"
2024-10-18 10:09:46.127191,"0,2501,1515,50,7.5,1.2,25.3,12.4,1500,1400,1.1,1.5,0.25,0.05,0.1,2.5,8.0,0.2,0.04,0.08,7.4,7.6,7.3,7.5,0"
2024-10-18 10:09:51.143283,"0,2501,1001,50,7.5,1.2,25.3,12.4,1500,1400,1.1,1.5,0.25,0.05,0.1,2.5,8.0,0.2,0.04,0.08,7.4,7.6,7.3,7.5,0"
2024-10-18 10:09:51.150194,"0,2501,1515,50,7.5,1.2,25.3,12.4,1500,1400,1.1,1.5,0.25,0.05,0.1,2.5,8.0,0.2,0.04,0.08,7.4,7.6,7.3,7.5,0"
2024-10-18 10:09:56.160417,"0,2501,1001,50,7.5,1.2,25.3,12.4,1500,1400,1.1,1.5,0.25,0.05,0.1,2.5,8.0,0.2,0.04,0.08,7.4,7.6,7.3,7.5,0"
2024-10-18 10:09:56.170439,"0,2501,1515,50,7.5,1.2,25.3,12.4,1500,1400,1.1,1.5,0.25,0.05,0.1,2.5,8.0,0.2,0.04,0.08,7.4,7.6,7.3,7.5,0"
2024-10-18 10:10:01.180977,"0,2501,1001,50,7.5,1.2,25.3,12.4,1500,1400,1.1,1.5,0.25,0.05,0.1,2.5,8.0,0.2,0.04,0.08,7.4,7.6,7.3,7.5,0"
2024-10-18 10:10:01.189835,"0,2501,1515,50,7.5,1.2,25.3,12.4,1500,1400,1.1,1.5,0.25,0.05,0.1,2.5,8.0,0.2,0.04,0.08,7.4,7.6,7.3,7.5,0"
2024-10-18 10:10:06.203434,"0,2501,1001,50,7.5,1.2,25.3,12.4,1500,1400,1.1,1.5,0.25,0.05,0.1,2.5,8.0,0.2,0.04,0.08,7.4,7.6,7.3,7.5,0"
2024-10-18 10:10:06.211984,"0,2501,1515,50,7.5,1.2,25.3,12.4,1500,1400,1.1,1.5,0.25,0.05,0.1,2.5,8.0,0.2,0.04,0.08,7.4,7.6,7.3,7.5,0"
2024-10-18 10:10:11.224965,"0,2501,1001,50,7.5,1.2,25.3,12.4,1500,1400,1.1,1.5,0.25,0.05,0.1,2.5,8.0,0.2,0.04,0.08,7.4,7.6,7.3,7.5,0"
2024-10-18 10:10:11.234961,"0,2501,1515,50,7.5,1.2,25.3,12.4,1500,1400,1.1,1.5,0.25,0.05,0.1,2.5,8.0,0.2,0.04,0.08,7.4,7.6,7.3,7.5,0"
2024-10-18 10:10:16.244826,"0,2501,1001,50,7.5,1.2,25.3,12.4,1500,1400,1.1,1.5,0.25,0.05,0.1,2.5,8.0,0.2,0.04,0.08,7.4,7.6,7.3,7.5,0"
2024-10-18 10:10:16.254370,"0,2501,1515,50,7.5,1.2,25.3,12.4,1500,1400,1.1,1.5,0.25,0.05,0.1,2.5,8.0,0.2,0.04,0.08,7.4,7.6,7.3,7.5,0"
2024-10-18 10:10:21.267204,"0,2501,1001,50,7.5,1.2,25.3,12.4,1500,1400,1.1,1.5,0.25,0.05,0.1,2.5,8.0,0.2,0.04,0.08,7.4,7.6,7.3,7.5,0"
2024-10-18 10:10:21.275676,"0,2501,1515,50,7.5,1.2,25.3,12.4,1500,1400,1.1,1.5,0.25,0.05,0.1,2.5,8.0,0.2,0.04,0.08,7.4,7.6,7.3,7.5,0"
2024-10-18 10:10:26.283527,"0,2501,1001,50,7.5,1.2,25.3,12.4,1500,1400,1.1,1.5,0.25,0.05,0.1,2.5,8.0,0.2,0.04,0.08,7.4,7.6,7.3,7.5,0"
2024-10-18 10:10:26.294228,"0,2501,1515,50,7.5,1.2,25.3,12.4,1500,1400,1.1,1.5,0.25,0.05,0.1,2.5,8.0,0.2,0.04,0.08,7.4,7.6,7.3,7.5,0"
2024-10-18 10:10:35.041782,"0,2501,1001,50,7.5,1.2,25.3,12.4,1500,1400,1.1,1.5,0.25,0.05,0.1,2.5,8.0,0.2,0.04,0.08,7.4,7.6,7.3,7.5,0"
2024-10-18 10:10:35.051386,"0,2501,1515,50,7.5,1.2,25.3,12.4,1500,1400,1.1,1.5,0.25,0.05,0.1,2.5,8.0,0.2,0.04,0.08,7.4,7.6,7.3,7.5,0"
2024-10-18 10:10:40.066529,"0,2501,1001,50,7.5,1.2,25.3,12.4,1500,1400,1.1,1.5,0.25,0.05,0.1,2.5,8.0,0.2,0.04,0.08,7.4,7.6,7.3,7.5,0"
2024-10-18 10:10:40.074420,"0,2501,1515,50,7.5,1.2,25.3,12.4,1500,1400,1.1,1.5,0.25,0.05,0.1,2.5,8.0,0.2,0.04,0.08,7.4,7.6,7.3,7.5,0"
2024-10-18 10:10:45.084491,"0,2501,1001,50,7.5,1.2,25.3,12.4,1500,1400,1.1,1.5,0.25,0.05,0.1,2.5,8.0,0.2,0.04,0.08,7.4,7.6,7.3,7.5,0"
2024-10-18 10:10:45.095880,"0,2501,1515,50,7.5,1.2,25.3,12.4,1500,1400,1.1,1.5,0.25,0.05,0.1,2.5,8.0,0.2,0.04,0.08,7.4,7.6,7.3,7.5,0"
2024-10-18 10:10:50.107534,"0,2501,1001,50,7.5,1.2,25.3,12.4,1500,1400,1.1,1.5,0.25,0.05,0.1,2.5,8.0,0.2,0.04,0.08,7.4,7.6,7.3,7.5,0"
2024-10-18 10:10:50.117082,"0,2501,1515,50,7.5,1.2,25.3,12.4,1500,1400,1.1,1.5,0.25,0.05,0.1,2.5,8.0,0.2,0.04,0.08,7.4,7.6,7.3,7.5,0"
2024-10-18 10:10:55.127808,"0,2501,1001,50,7.5,1.2,25.3,12.4,1500,1400,1.1,1.5,0.25,0.05,0.1,2.5,8.0,0.2,0.04,0.08,7.4,7.6,7.3,7.5,0"
2024-10-18 10:10:55.135752,"0,2501,1515,50,7.5,1.2,25.3,12.4,1500,1400,1.1,1.5,0.25,0.05,0.1,2.5,8.0,0.2,0.04,0.08,7.4,7.6,7.3,7.5,0"
2024-10-18 10:11:00.144679,"0,2501,1001,50,7.5,1.2,25.3,12.4,1500,1400,1.1,1.5,0.25,0.05,0.1,2.5,8.0,0.2,0.04,0.08,7.4,7.6,7.3,7.5,0"
2024-10-18 10:11:00.156683,"0,2501,1515,50,7.5,1.2,25.3,12.4,1500,1400,1.1,1.5,0.25,0.05,0.1,2.5,8.0,0.2,0.04,0.08,7.4,7.6,7.3,7.5,0"
2024-10-18 10:11:05.168536,"0,2501,1001,50,7.5,1.2,25.3,12.4,1500,1400,1.1,1.5,0.25,0.05,0.1,2.5,8.0,0.2,0.04,0.08,7.4,7.6,7.3,7.5,0"
2024-10-18 10:11:05.177242,"0,2501,1515,50,7.5,1.2,25.3,12.4,1500,1400,1.1,1.5,0.25,0.05,0.1,2.5,8.0,0.2,0.04,0.08,7.4,7.6,7.3,7.5,0"
2024-10-18 10:11:10.189745,"0,2501,1001,50,7.5,1.2,25.3,12.4,1500,1400,1.1,1.5,0.25,0.05,0.1,2.5,8.0,0.2,0.04,0.08,7.4,7.6,7.3,7.5,0"
2024-10-18 10:11:10.197423,"0,2501,1515,50,7.5,1.2,25.3,12.4,1500,1400,1.1,1.5,0.25,0.05,0.1,2.5,8.0,0.2,0.04,0.08,7.4,7.6,7.3,7.5,0"
2024-10-18 10:11:15.210373,"0,2501,1001,50,7.5,1.2,25.3,12.4,1500,1400,1.1,1.5,0.25,0.05,0.1,2.5,8.0,0.2,0.04,0.08,7.4,7.6,7.3,7.5,0"
2024-10-18 10:11:15.218522,"0,2501,1515,50,7.5,1.2,25.3,12.4,1500,1400,1.1,1.5,0.25,0.05,0.1,2.5,8.0,0.2,0.04,0.08,7.4,7.6,7.3,7.5,0"
2024-10-18 10:11:23.980954,"0,2501,1001,50,7.5,1.2,25.3,12.4,1500,1400,1.1,1.5,0.25,0.05,0.1,2.5,8.0,0.2,0.04,0.08,7.4,7.6,7.3,7.5,0"
2024-10-18 10:11:23.990526,"0,2501,1515,50,7.5,1.2,25.3,12.4,1500,1400,1.1,1.5,0.25,0.05,0.1,2.5,8.0,0.2,0.04,0.08,7.4,7.6,7.3,7.5,0"
2024-10-18 10:11:29.003055,"0,2501,1001,50,7.5,1.2,25.3,12.4,1500,1400,1.1,1.5,0.25,0.05,0.1,2.5,8.0,0.2,0.04,0.08,7.4,7.6,7.3,7.5,0"
2024-10-18 10:11:29.012475,"0,2501,1515,50,7.5,1.2,25.3,12.4,1500,1400,1.1,1.5,0.25,0.05,0.1,2.5,8.0,0.2,0.04,0.08,7.4,7.6,7.3,7.5,0"
2024-10-18 10:11:34.023222,"0,2501,1001,50,7.5,1.2,25.3,12.4,1500,1400,1.1,1.5,0.25,0.05,0.1,2.5,8.0,0.2,0.04,0.08,7.4,7.6,7.3,7.5,0"
2024-10-18 10:11:34.033975,"0,2501,1515,50,7.5,1.2,25.3,12.4,1500,1400,1.1,1.5,0.25,0.05,0.1,2.5,8.0,0.2,0.04,0.08,7.4,7.6,7.3,7.5,0"
2024-10-18 10:11:39.047138,"0,2501,1001,50,7.5,1.2,25.3,12.4,1500,1400,1.1,1.5,0.25,0.05,0.1,2.5,8.0,0.2,0.04,0.08,7.4,7.6,7.3,7.5,0"
2024-10-18 10:11:39.056886,"0,2501,1515,50,7.5,1.2,25.3,12.4,1500,1400,1.1,1.5,0.25,0.05,0.1,2.5,8.0,0.2,0.04,0.08,7.4,7.6,7.3,7.5,0"
2024-10-18 10:11:44.068467,"0,2501,1001,50,7.5,1.2,25.3,12.4,1500,1400,1.1,1.5,0.25,0.05,0.1,2.5,8.0,0.2,0.04,0.08,7.4,7.6,7.3,7.5,0"
2024-10-18 10:11:44.075595,"0,2501,1515,50,7.5,1.2,25.3,12.4,1500,1400,1.1,1.5,0.25,0.05,0.1,2.5,8.0,0.2,0.04,0.08,7.4,7.6,7.3,7.5,0"
2024-10-18 10:11:49.087591,"0,2501,1001,50,7.5,1.2,25.3,12.4,1500,1400,1.1,1.5,0.25,0.05,0.1,2.5,8.0,0.2,0.04,0.08,7.4,7.6,7.3,7.5,0"
2024-10-18 10:11:49.097537,"0,2501,1515,50,7.5,1.2,25.3,12.4,1500,1400,1.1,1.5,0.25,0.05,0.1,2.5,8.0,0.2,0.04,0.08,7.4,7.6,7.3,7.5,0"
2024-10-18 10:11:54.109805,"0,2501,1001,50,7.5,1.2,25.3,12.4,1500,1400,1.1,1.5,0.25,0.05,0.1,2.5,8.0,0.2,0.04,0.08,7.4,7.6,7.3,7.5,0"
2024-10-18 10:11:54.117811,"0,2501,1515,50,7.5,1.2,25.3,12.4,1500,1400,1.1,1.5,0.25,0.05,0.1,2.5,8.0,0.2,0.04,0.08,7.4,7.6,7.3,7.5,0"
2024-10-18 10:11:59.131072,"0,2501,1001,50,7.5,1.2,25.3,12.4,1500,1400,1.1,1.5,0.25,0.05,0.1,2.5,8.0,0.2,0.04,0.08,7.4,7.6,7.3,7.5,0"
2024-10-18 10:11:59.141096,"0,2501,1515,50,7.5,1.2,25.3,12.4,1500,1400,1.1,1.5,0.25,0.05,0.1,2.5,8.0,0.2,0.04,0.08,7.4,7.6,7.3,7.5,0"
2024-10-18 10:12:04.164985,"0,2501,1001,50,7.5,1.2,25.3,12.4,1500,1400,1.1,1.5,0.25,0.05,0.1,2.5,8.0,0.2,0.04,0.08,7.4,7.6,7.3,7.5,0"
2024-10-18 10:12:04.175725,"0,2501,1515,50,7.5,1.2,25.3,12.4,1500,1400,1.1,1.5,0.25,0.05,0.1,2.5,8.0,0.2,0.04,0.08,7.4,7.6,7.3,7.5,0"
2024-10-18 10:12:12.909864,"0,2501,1001,50,7.5,1.2,25.3,12.4,1500,1400,1.1,1.5,0.25,0.05,0.1,2.5,8.0,0.2,0.04,0.08,7.4,7.6,7.3,7.5,0"
2024-10-18 10:12:12.930817,"0,2501,1515,50,7.5,1.2,25.3,12.4,1500,1400,1.1,1.5,0.25,0.05,0.1,2.5,8.0,0.2,0.04,0.08,7.4,7.6,7.3,7.5,0"
2024-10-18 10:12:17.953377,"0,2501,1001,50,7.5,1.2,25.3,12.4,1500,1400,1.1,1.5,0.25,0.05,0.1,2.5,8.0,0.2,0.04,0.08,7.4,7.6,7.3,7.5,0"
2024-10-18 10:12:17.964090,"0,2501,1515,50,7.5,1.2,25.3,12.4,1500,1400,1.1,1.5,0.25,0.05,0.1,2.5,8.0,0.2,0.04,0.08,7.4,7.6,7.3,7.5,0"
2024-10-18 10:12:22.972887,"0,2501,1001,50,7.5,1.2,25.3,12.4,1500,1400,1.1,1.5,0.25,0.05,0.1,2.5,8.0,0.2,0.04,0.08,7.4,7.6,7.3,7.5,0"
2024-10-18 10:12:22.983686,"0,2501,1515,50,7.5,1.2,25.3,12.4,1500,1400,1.1,1.5,0.25,0.05,0.1,2.5,8.0,0.2,0.04,0.08,7.4,7.6,7.3,7.5,0"
2024-10-18 10:12:27.994526,"0,2501,1001,50,7.5,1.2,25.3,12.4,1500,1400,1.1,1.5,0.25,0.05,0.1,2.5,8.0,0.2,0.04,0.08,7.4,7.6,7.3,7.5,0"
2024-10-18 10:12:28.003222,"0,2501,1515,50,7.5,1.2,25.3,12.4,1500,1400,1.1,1.5,0.25,0.05,0.1,2.5,8.0,0.2,0.04,0.08,7.4,7.6,7.3,7.5,0"
2024-10-18 10:12:33.014322,"0,2501,1001,50,7.5,1.2,25.3,12.4,1500,1400,1.1,1.5,0.25,0.05,0.1,2.5,8.0,0.2,0.04,0.08,7.4,7.6,7.3,7.5,0"
2024-10-18 10:12:33.023978,"0,2501,1515,50,7.5,1.2,25.3,12.4,1500,1400,1.1,1.5,0.25,0.05,0.1,2.5,8.0,0.2,0.04,0.08,7.4,7.6,7.3,7.5,0"
2024-10-18 10:12:38.036297,"0,2501,1001,50,7.5,1.2,25.3,12.4,1500,1400,1.1,1.5,0.25,0.05,0.1,2.5,8.0,0.2,0.04,0.08,7.4,7.6,7.3,7.5,0"
2024-10-18 10:12:38.044325,"0,2501,1515,50,7.5,1.2,25.3,12.4,1500,1400,1.1,1.5,0.25,0.05,0.1,2.5,8.0,0.2,0.04,0.08,7.4,7.6,7.3,7.5,0"
2024-10-18 10:12:43.055426,"0,2501,1001,50,7.5,1.2,25.3,12.4,1500,1400,1.1,1.5,0.25,0.05,0.1,2.5,8.0,0.2,0.04,0.08,7.4,7.6,7.3,7.5,0"
2024-10-18 10:12:43.066755,"0,2501,1515,50,7.5,1.2,25.3,12.4,1500,1400,1.1,1.5,0.25,0.05,0.1,2.5,8.0,0.2,0.04,0.08,7.4,7.6,7.3,7.5,0"
2024-10-18 10:12:48.075530,"0,2501,1001,50,7.5,1.2,25.3,12.4,1500,1400,1.1,1.5,0.25,0.05,0.1,2.5,8.0,0.2,0.04,0.08,7.4,7.6,7.3,7.5,0"
2024-10-18 10:12:48.085786,"0,2501,1515,50,7.5,1.2,25.3,12.4,1500,1400,1.1,1.5,0.25,0.05,0.1,2.5,8.0,0.2,0.04,0.08,7.4,7.6,7.3,7.5,0"
2024-10-18 10:12:53.097336,"0,2501,1001,50,7.5,1.2,25.3,12.4,1500,1400,1.1,1.5,0.25,0.05,0.1,2.5,8.0,0.2,0.04,0.08,7.4,7.6,7.3,7.5,0"
2024-10-18 10:12:53.105894,"0,2501,1515,50,7.5,1.2,25.3,12.4,1500,1400,1.1,1.5,0.25,0.05,0.1,2.5,8.0,0.2,0.04,0.08,7.4,7.6,7.3,7.5,0"
2024-10-18 10:13:01.852047,"0,2501,1001,50,7.5,1.2,25.3,12.4,1500,1400,1.1,1.5,0.25,0.05,0.1,2.5,8.0,0.2,0.04,0.08,7.4,7.6,7.3,7.5,0"
2024-10-18 10:13:01.862973,"0,2501,1515,50,7.5,1.2,25.3,12.4,1500,1400,1.1,1.5,0.25,0.05,0.1,2.5,8.0,0.2,0.04,0.08,7.4,7.6,7.3,7.5,0"
2024-10-18 10:13:06.872540,"0,2501,1001,50,7.5,1.2,25.3,12.4,1500,1400,1.1,1.5,0.25,0.05,0.1,2.5,8.0,0.2,0.04,0.08,7.4,7.6,7.3,7.5,0"
2024-10-18 10:13:06.883071,"0,2501,1515,50,7.5,1.2,25.3,12.4,1500,1400,1.1,1.5,0.25,0.05,0.1,2.5,8.0,0.2,0.04,0.08,7.4,7.6,7.3,7.5,0"
2024-10-18 10:13:11.894974,"0,2501,1001,50,7.5,1.2,25.3,12.4,1500,1400,1.1,1.5,0.25,0.05,0.1,2.5,8.0,0.2,0.04,0.08,7.4,7.6,7.3,7.5,0"
2024-10-18 10:13:11.906053,"0,2501,1515,50,7.5,1.2,25.3,12.4,1500,1400,1.1,1.5,0.25,0.05,0.1,2.5,8.0,0.2,0.04,0.08,7.4,7.6,7.3,7.5,0"
2024-10-18 10:13:16.916357,"0,2501,1001,50,7.5,1.2,25.3,12.4,1500,1400,1.1,1.5,0.25,0.05,0.1,2.5,8.0,0.2,0.04,0.08,7.4,7.6,7.3,7.5,0"
2024-10-18 10:13:16.925806,"0,2501,1515,50,7.5,1.2,25.3,12.4,1500,1400,1.1,1.5,0.25,0.05,0.1,2.5,8.0,0.2,0.04,0.08,7.4,7.6,7.3,7.5,0"
2024-10-18 10:13:21.937248,"0,2501,1001,50,7.5,1.2,25.3,12.4,1500,1400,1.1,1.5,0.25,0.05,0.1,2.5,8.0,0.2,0.04,0.08,7.4,7.6,7.3,7.5,0"
2024-10-18 10:13:21.947133,"0,2501,1515,50,7.5,1.2,25.3,12.4,1500,1400,1.1,1.5,0.25,0.05,0.1,2.5,8.0,0.2,0.04,0.08,7.4,7.6,7.3,7.5,0"
2024-10-18 10:13:26.959039,"0,2501,1001,50,7.5,1.2,25.3,12.4,1500,1400,1.1,1.5,0.25,0.05,0.1,2.5,8.0,0.2,0.04,0.08,7.4,7.6,7.3,7.5,0"
2024-10-18 10:13:26.970149,"0,2501,1515,50,7.5,1.2,25.3,12.4,1500,1400,1.1,1.5,0.25,0.05,0.1,2.5,8.0,0.2,0.04,0.08,7.4,7.6,7.3,7.5,0"
2024-10-18 10:13:31.978889,"0,2501,1001,50,7.5,1.2,25.3,12.4,1500,1400,1.1,1.5,0.25,0.05,0.1,2.5,8.0,0.2,0.04,0.08,7.4,7.6,7.3,7.5,0"
2024-10-18 10:13:31.987894,"0,2501,1515,50,7.5,1.2,25.3,12.4,1500,1400,1.1,1.5,0.25,0.05,0.1,2.5,8.0,0.2,0.04,0.08,7.4,7.6,7.3,7.5,0"
2024-10-18 10:13:36.999856,"0,2501,1001,50,7.5,1.2,25.3,12.4,1500,1400,1.1,1.5,0.25,0.05,0.1,2.5,8.0,0.2,0.04,0.08,7.4,7.6,7.3,7.5,0"
2024-10-18 10:13:37.008919,"0,2501,1515,50,7.5,1.2,25.3,12.4,1500,1400,1.1,1.5,0.25,0.05,0.1,2.5,8.0,0.2,0.04,0.08,7.4,7.6,7.3,7.5,0"
2024-10-18 10:13:42.019450,"0,2501,1001,50,7.5,1.2,25.3,12.4,1500,1400,1.1,1.5,0.25,0.05,0.1,2.5,8.0,0.2,0.04,0.08,7.4,7.6,7.3,7.5,0"
2024-10-18 10:13:42.029449,"0,2501,1515,50,7.5,1.2,25.3,12.4,1500,1400,1.1,1.5,0.25,0.05,0.1,2.5,8.0,0.2,0.04,0.08,7.4,7.6,7.3,7.5,0"
2024-10-18 10:13:50.809781,"0,2501,1001,50,7.5,1.2,25.3,12.4,1500,1400,1.1,1.5,0.25,0.05,0.1,2.5,8.0,0.2,0.04,0.08,7.4,7.6,7.3,7.5,0"
2024-10-18 10:13:50.820824,"0,2501,1515,50,7.5,1.2,25.3,12.4,1500,1400,1.1,1.5,0.25,0.05,0.1,2.5,8.0,0.2,0.04,0.08,7.4,7.6,7.3,7.5,0"
2024-10-18 10:13:55.831377,"0,2501,1001,50,7.5,1.2,25.3,12.4,1500,1400,1.1,1.5,0.25,0.05,0.1,2.5,8.0,0.2,0.04,0.08,7.4,7.6,7.3,7.5,0"
2024-10-18 10:13:55.842029,"0,2501,1515,50,7.5,1.2,25.3,12.4,1500,1400,1.1,1.5,0.25,0.05,0.1,2.5,8.0,0.2,0.04,0.08,7.4,7.6,7.3,7.5,0"
2024-10-18 10:14:00.854506,"0,2501,1001,50,7.5,1.2,25.3,12.4,1500,1400,1.1,1.5,0.25,0.05,0.1,2.5,8.0,0.2,0.04,0.08,7.4,7.6,7.3,7.5,0"
2024-10-18 10:14:00.861611,"0,2501,1515,50,7.5,1.2,25.3,12.4,1500,1400,1.1,1.5,0.25,0.05,0.1,2.5,8.0,0.2,0.04,0.08,7.4,7.6,7.3,7.5,0"
2024-10-18 10:14:05.874201,"0,2501,1001,50,7.5,1.2,25.3,12.4,1500,1400,1.1,1.5,0.25,0.05,0.1,2.5,8.0,0.2,0.04,0.08,7.4,7.6,7.3,7.5,0"
2024-10-18 10:14:05.883336,"0,2501,1515,50,7.5,1.2,25.3,12.4,1500,1400,1.1,1.5,0.25,0.05,0.1,2.5,8.0,0.2,0.04,0.08,7.4,7.6,7.3,7.5,0"
2024-10-18 10:14:10.896908,"0,2501,1001,50,7.5,1.2,25.3,12.4,1500,1400,1.1,1.5,0.25,0.05,0.1,2.5,8.0,0.2,0.04,0.08,7.4,7.6,7.3,7.5,0"
2024-10-18 10:14:10.903984,"0,2501,1515,50,7.5,1.2,25.3,12.4,1500,1400,1.1,1.5,0.25,0.05,0.1,2.5,8.0,0.2,0.04,0.08,7.4,7.6,7.3,7.5,0"
2024-10-18 10:14:15.915392,"0,2501,1001,50,7.5,1.2,25.3,12.4,1500,1400,1.1,1.5,0.25,0.05,0.1,2.5,8.0,0.2,0.04,0.08,7.4,7.6,7.3,7.5,0"
2024-10-18 10:14:15.924650,"0,2501,1515,50,7.5,1.2,25.3,12.4,1500,1400,1.1,1.5,0.25,0.05,0.1,2.5,8.0,0.2,0.04,0.08,7.4,7.6,7.3,7.5,0"
2024-10-18 10:14:20.935484,"0,2501,1001,50,7.5,1.2,25.3,12.4,1500,1400,1.1,1.5,0.25,0.05,0.1,2.5,8.0,0.2,0.04,0.08,7.4,7.6,7.3,7.5,0"
2024-10-18 10:14:20.945490,"0,2501,1515,50,7.5,1.2,25.3,12.4,1500,1400,1.1,1.5,0.25,0.05,0.1,2.5,8.0,0.2,0.04,0.08,7.4,7.6,7.3,7.5,0"
2024-10-18 10:14:25.958329,"0,2501,1001,50,7.5,1.2,25.3,12.4,1500,1400,1.1,1.5,0.25,0.05,0.1,2.5,8.0,0.2,0.04,0.08,7.4,7.6,7.3,7.5,0"
2024-10-18 10:14:25.966252,"0,2501,1515,50,7.5,1.2,25.3,12.4,1500,1400,1.1,1.5,0.25,0.05,0.1,2.5,8.0,0.2,0.04,0.08,7.4,7.6,7.3,7.5,0"
2024-10-18 10:14:30.978815,"0,2501,1001,50,7.5,1.2,25.3,12.4,1500,1400,1.1,1.5,0.25,0.05,0.1,2.5,8.0,0.2,0.04,0.08,7.4,7.6,7.3,7.5,0"
2024-10-18 10:14:30.987009,"0,2501,1515,50,7.5,1.2,25.3,12.4,1500,1400,1.1,1.5,0.25,0.05,0.1,2.5,8.0,0.2,0.04,0.08,7.4,7.6,7.3,7.5,0"
2024-10-18 10:14:39.753808,"0,2501,1001,50,7.5,1.2,25.3,12.4,1500,1400,1.1,1.5,0.25,0.05,0.1,2.5,8.0,0.2,0.04,0.08,7.4,7.6,7.3,7.5,0"
2024-10-18 10:14:39.764917,"0,2501,1515,50,7.5,1.2,25.3,12.4,1500,1400,1.1,1.5,0.25,0.05,0.1,2.5,8.0,0.2,0.04,0.08,7.4,7.6,7.3,7.5,0"
2024-10-18 10:14:44.775770,"0,2501,1001,50,7.5,1.2,25.3,12.4,1500,1400,1.1,1.5,0.25,0.05,0.1,2.5,8.0,0.2,0.04,0.08,7.4,7.6,7.3,7.5,0"
2024-10-18 10:14:44.786777,"0,2501,1515,50,7.5,1.2,25.3,12.4,1500,1400,1.1,1.5,0.25,0.05,0.1,2.5,8.0,0.2,0.04,0.08,7.4,7.6,7.3,7.5,0"
2024-10-18 10:14:49.795439,"0,2501,1001,50,7.5,1.2,25.3,12.4,1500,1400,1.1,1.5,0.25,0.05,0.1,2.5,8.0,0.2,0.04,0.08,7.4,7.6,7.3,7.5,0"
2024-10-18 10:14:49.807438,"0,2501,1515,50,7.5,1.2,25.3,12.4,1500,1400,1.1,1.5,0.25,0.05,0.1,2.5,8.0,0.2,0.04,0.08,7.4,7.6,7.3,7.5,0"
2024-10-18 10:14:54.816209,"0,2501,1001,50,7.5,1.2,25.3,12.4,1500,1400,1.1,1.5,0.25,0.05,0.1,2.5,8.0,0.2,0.04,0.08,7.4,7.6,7.3,7.5,0"
2024-10-18 10:14:54.827207,"0,2501,1515,50,7.5,1.2,25.3,12.4,1500,1400,1.1,1.5,0.25,0.05,0.1,2.5,8.0,0.2,0.04,0.08,7.4,7.6,7.3,7.5,0"
2024-10-18 10:14:59.838147,"0,2501,1001,50,7.5,1.2,25.3,12.4,1500,1400,1.1,1.5,0.25,0.05,0.1,2.5,8.0,0.2,0.04,0.08,7.4,7.6,7.3,7.5,0"
2024-10-18 10:14:59.848599,"0,2501,1515,50,7.5,1.2,25.3,12.4,1500,1400,1.1,1.5,0.25,0.05,0.1,2.5,8.0,0.2,0.04,0.08,7.4,7.6,7.3,7.5,0"
2024-10-18 10:15:04.858499,"0,2501,1001,50,7.5,1.2,25.3,12.4,1500,1400,1.1,1.5,0.25,0.05,0.1,2.5,8.0,0.2,0.04,0.08,7.4,7.6,7.3,7.5,0"
2024-10-18 10:15:04.870440,"0,2501,1515,50,7.5,1.2,25.3,12.4,1500,1400,1.1,1.5,0.25,0.05,0.1,2.5,8.0,0.2,0.04,0.08,7.4,7.6,7.3,7.5,0"
2024-10-18 10:15:09.878602,"0,2501,1001,50,7.5,1.2,25.3,12.4,1500,1400,1.1,1.5,0.25,0.05,0.1,2.5,8.0,0.2,0.04,0.08,7.4,7.6,7.3,7.5,0"
2024-10-18 10:15:09.889723,"0,2501,1515,50,7.5,1.2,25.3,12.4,1500,1400,1.1,1.5,0.25,0.05,0.1,2.5,8.0,0.2,0.04,0.08,7.4,7.6,7.3,7.5,0"
2024-10-18 10:15:14.900463,"0,2501,1001,50,7.5,1.2,25.3,12.4,1500,1400,1.1,1.5,0.25,0.05,0.1,2.5,8.0,0.2,0.04,0.08,7.4,7.6,7.3,7.5,0"
2024-10-18 10:15:14.910991,"0,2501,1515,50,7.5,1.2,25.3,12.4,1500,1400,1.1,1.5,0.25,0.05,0.1,2.5,8.0,0.2,0.04,0.08,7.4,7.6,7.3,7.5,0"
2024-10-18 10:15:19.919686,"0,2501,1001,50,7.5,1.2,25.3,12.4,1500,1400,1.1,1.5,0.25,0.05,0.1,2.5,8.0,0.2,0.04,0.08,7.4,7.6,7.3,7.5,0"
2024-10-18 10:15:19.929700,"0,2501,1515,50,7.5,1.2,25.3,12.4,1500,1400,1.1,1.5,0.25,0.05,0.1,2.5,8.0,0.2,0.04,0.08,7.4,7.6,7.3,7.5,0"
2024-10-18 10:15:28.707975,"0,2501,1001,50,7.5,1.2,25.3,12.4,1500,1400,1.1,1.5,0.25,0.05,0.1,2.5,8.0,0.2,0.04,0.08,7.4,7.6,7.3,7.5,0"
2024-10-18 10:15:28.718831,"0,2501,1515,50,7.5,1.2,25.3,12.4,1500,1400,1.1,1.5,0.25,0.05,0.1,2.5,8.0,0.2,0.04,0.08,7.4,7.6,7.3,7.5,0"
2024-10-18 10:15:33.730079,"0,2501,1001,50,7.5,1.2,25.3,12.4,1500,1400,1.1,1.5,0.25,0.05,0.1,2.5,8.0,0.2,0.04,0.08,7.4,7.6,7.3,7.5,0"
2024-10-18 10:15:33.740730,"0,2501,1515,50,7.5,1.2,25.3,12.4,1500,1400,1.1,1.5,0.25,0.05,0.1,2.5,8.0,0.2,0.04,0.08,7.4,7.6,7.3,7.5,0"
2024-10-18 10:15:38.752851,"0,2501,1001,50,7.5,1.2,25.3,12.4,1500,1400,1.1,1.5,0.25,0.05,0.1,2.5,8.0,0.2,0.04,0.08,7.4,7.6,7.3,7.5,0"
2024-10-18 10:15:38.761869,"0,2501,1515,50,7.5,1.2,25.3,12.4,1500,1400,1.1,1.5,0.25,0.05,0.1,2.5,8.0,0.2,0.04,0.08,7.4,7.6,7.3,7.5,0"
2024-10-18 10:15:43.771812,"0,2501,1001,50,7.5,1.2,25.3,12.4,1500,1400,1.1,1.5,0.25,0.05,0.1,2.5,8.0,0.2,0.04,0.08,7.4,7.6,7.3,7.5,0"
2024-10-18 10:15:43.782117,"0,2501,1515,50,7.5,1.2,25.3,12.4,1500,1400,1.1,1.5,0.25,0.05,0.1,2.5,8.0,0.2,0.04,0.08,7.4,7.6,7.3,7.5,0"
2024-10-18 10:15:48.795433,"0,2501,1001,50,7.5,1.2,25.3,12.4,1500,1400,1.1,1.5,0.25,0.05,0.1,2.5,8.0,0.2,0.04,0.08,7.4,7.6,7.3,7.5,0"
2024-10-18 10:15:48.805275,"0,2501,1515,50,7.5,1.2,25.3,12.4,1500,1400,1.1,1.5,0.25,0.05,0.1,2.5,8.0,0.2,0.04,0.08,7.4,7.6,7.3,7.5,0"
2024-10-18 10:15:53.814262,"0,2501,1001,50,7.5,1.2,25.3,12.4,1500,1400,1.1,1.5,0.25,0.05,0.1,2.5,8.0,0.2,0.04,0.08,7.4,7.6,7.3,7.5,0"
2024-10-18 10:15:53.822955,"0,2501,1515,50,7.5,1.2,25.3,12.4,1500,1400,1.1,1.5,0.25,0.05,0.1,2.5,8.0,0.2,0.04,0.08,7.4,7.6,7.3,7.5,0"
2024-10-18 10:15:58.832679,"0,2501,1001,50,7.5,1.2,25.3,12.4,1500,1400,1.1,1.5,0.25,0.05,0.1,2.5,8.0,0.2,0.04,0.08,7.4,7.6,7.3,7.5,0"
2024-10-18 10:15:58.843511,"0,2501,1515,50,7.5,1.2,25.3,12.4,1500,1400,1.1,1.5,0.25,0.05,0.1,2.5,8.0,0.2,0.04,0.08,7.4,7.6,7.3,7.5,0"
2024-10-18 10:16:03.856772,"0,2501,1001,50,7.5,1.2,25.3,12.4,1500,1400,1.1,1.5,0.25,0.05,0.1,2.5,8.0,0.2,0.04,0.08,7.4,7.6,7.3,7.5,0"
2024-10-18 10:16:03.867716,"0,2501,1515,50,7.5,1.2,25.3,12.4,1500,1400,1.1,1.5,0.25,0.05,0.1,2.5,8.0,0.2,0.04,0.08,7.4,7.6,7.3,7.5,0"
2024-10-18 10:16:08.876563,"0,2501,1001,50,7.5,1.2,25.3,12.4,1500,1400,1.1,1.5,0.25,0.05,0.1,2.5,8.0,0.2,0.04,0.08,7.4,7.6,7.3,7.5,0"
2024-10-18 10:16:08.884862,"0,2501,1515,50,7.5,1.2,25.3,12.4,1500,1400,1.1,1.5,0.25,0.05,0.1,2.5,8.0,0.2,0.04,0.08,7.4,7.6,7.3,7.5,0"
2024-10-18 10:16:17.663531,"0,2501,1001,50,7.5,1.2,25.3,12.4,1500,1400,1.1,1.5,0.25,0.05,0.1,2.5,8.0,0.2,0.04,0.08,7.4,7.6,7.3,7.5,0"
2024-10-18 10:16:17.673309,"0,2501,1515,50,7.5,1.2,25.3,12.4,1500,1400,1.1,1.5,0.25,0.05,0.1,2.5,8.0,0.2,0.04,0.08,7.4,7.6,7.3,7.5,0"
2024-10-18 10:16:22.686221,"0,2501,1001,50,7.5,1.2,25.3,12.4,1500,1400,1.1,1.5,0.25,0.05,0.1,2.5,8.0,0.2,0.04,0.08,7.4,7.6,7.3,7.5,0"
2024-10-18 10:16:22.694725,"0,2501,1515,50,7.5,1.2,25.3,12.4,1500,1400,1.1,1.5,0.25,0.05,0.1,2.5,8.0,0.2,0.04,0.08,7.4,7.6,7.3,7.5,0"
2024-10-18 10:16:27.705047,"0,2501,1001,50,7.5,1.2,25.3,12.4,1500,1400,1.1,1.5,0.25,0.05,0.1,2.5,8.0,0.2,0.04,0.08,7.4,7.6,7.3,7.5,0"
2024-10-18 10:16:27.716573,"0,2501,1515,50,7.5,1.2,25.3,12.4,1500,1400,1.1,1.5,0.25,0.05,0.1,2.5,8.0,0.2,0.04,0.08,7.4,7.6,7.3,7.5,0"
2024-10-18 10:16:32.728345,"0,2501,1001,50,7.5,1.2,25.3,12.4,1500,1400,1.1,1.5,0.25,0.05,0.1,2.5,8.0,0.2,0.04,0.08,7.4,7.6,7.3,7.5,0"
2024-10-18 10:16:32.738084,"0,2501,1515,50,7.5,1.2,25.3,12.4,1500,1400,1.1,1.5,0.25,0.05,0.1,2.5,8.0,0.2,0.04,0.08,7.4,7.6,7.3,7.5,0"
2024-10-18 10:16:37.748456,"0,2501,1001,50,7.5,1.2,25.3,12.4,1500,1400,1.1,1.5,0.25,0.05,0.1,2.5,8.0,0.2,0.04,0.08,7.4,7.6,7.3,7.5,0"
2024-10-18 10:16:37.758138,"0,2501,1515,50,7.5,1.2,25.3,12.4,1500,1400,1.1,1.5,0.25,0.05,0.1,2.5,8.0,0.2,0.04,0.08,7.4,7.6,7.3,7.5,0"
2024-10-18 10:16:42.772040,"0,2501,1001,50,7.5,1.2,25.3,12.4,1500,1400,1.1,1.5,0.25,0.05,0.1,2.5,8.0,0.2,0.04,0.08,7.4,7.6,7.3,7.5,0"
2024-10-18 10:16:42.778512,"0,2501,1515,50,7.5,1.2,25.3,12.4,1500,1400,1.1,1.5,0.25,0.05,0.1,2.5,8.0,0.2,0.04,0.08,7.4,7.6,7.3,7.5,0"
2024-10-18 10:16:47.794933,"0,2501,1001,50,7.5,1.2,25.3,12.4,1500,1400,1.1,1.5,0.25,0.05,0.1,2.5,8.0,0.2,0.04,0.08,7.4,7.6,7.3,7.5,0"
2024-10-18 10:16:47.800927,"0,2501,1515,50,7.5,1.2,25.3,12.4,1500,1400,1.1,1.5,0.25,0.05,0.1,2.5,8.0,0.2,0.04,0.08,7.4,7.6,7.3,7.5,0"
2024-10-18 10:16:52.811741,"0,2501,1001,50,7.5,1.2,25.3,12.4,1500,1400,1.1,1.5,0.25,0.05,0.1,2.5,8.0,0.2,0.04,0.08,7.4,7.6,7.3,7.5,0"
2024-10-18 10:16:52.820355,"0,2501,1515,50,7.5,1.2,25.3,12.4,1500,1400,1.1,1.5,0.25,0.05,0.1,2.5,8.0,0.2,0.04,0.08,7.4,7.6,7.3,7.5,0"
2024-10-18 10:16:57.831998,"0,2501,1001,50,7.5,1.2,25.3,12.4,1500,1400,1.1,1.5,0.25,0.05,0.1,2.5,8.0,0.2,0.04,0.08,7.4,7.6,7.3,7.5,0"
2024-10-18 10:16:57.841177,"0,2501,1515,50,7.5,1.2,25.3,12.4,1500,1400,1.1,1.5,0.25,0.05,0.1,2.5,8.0,0.2,0.04,0.08,7.4,7.6,7.3,7.5,0"
2024-10-18 10:17:06.618293,"0,2501,1001,50,7.5,1.2,25.3,12.4,1500,1400,1.1,1.5,0.25,0.05,0.1,2.5,8.0,0.2,0.04,0.08,7.4,7.6,7.3,7.5,0"
2024-10-18 10:17:06.630170,"0,2501,1515,50,7.5,1.2,25.3,12.4,1500,1400,1.1,1.5,0.25,0.05,0.1,2.5,8.0,0.2,0.04,0.08,7.4,7.6,7.3,7.5,0"
2024-10-18 10:17:11.641964,"0,2501,1001,50,7.5,1.2,25.3,12.4,1500,1400,1.1,1.5,0.25,0.05,0.1,2.5,8.0,0.2,0.04,0.08,7.4,7.6,7.3,7.5,0"
2024-10-18 10:17:11.653105,"0,2501,1515,50,7.5,1.2,25.3,12.4,1500,1400,1.1,1.5,0.25,0.05,0.1,2.5,8.0,0.2,0.04,0.08,7.4,7.6,7.3,7.5,0"
2024-10-18 10:17:16.660923,"0,2501,1001,50,7.5,1.2,25.3,12.4,1500,1400,1.1,1.5,0.25,0.05,0.1,2.5,8.0,0.2,0.04,0.08,7.4,7.6,7.3,7.5,0"
2024-10-18 10:17:16.670924,"0,2501,1515,50,7.5,1.2,25.3,12.4,1500,1400,1.1,1.5,0.25,0.05,0.1,2.5,8.0,0.2,0.04,0.08,7.4,7.6,7.3,7.5,0"
2024-10-18 10:17:21.682699,"0,2501,1001,50,7.5,1.2,25.3,12.4,1500,1400,1.1,1.5,0.25,0.05,0.1,2.5,8.0,0.2,0.04,0.08,7.4,7.6,7.3,7.5,0"
2024-10-18 10:17:21.691729,"0,2501,1515,50,7.5,1.2,25.3,12.4,1500,1400,1.1,1.5,0.25,0.05,0.1,2.5,8.0,0.2,0.04,0.08,7.4,7.6,7.3,7.5,0"
2024-10-18 10:17:26.704515,"0,2501,1001,50,7.5,1.2,25.3,12.4,1500,1400,1.1,1.5,0.25,0.05,0.1,2.5,8.0,0.2,0.04,0.08,7.4,7.6,7.3,7.5,0"
2024-10-18 10:17:26.714772,"0,2501,1515,50,7.5,1.2,25.3,12.4,1500,1400,1.1,1.5,0.25,0.05,0.1,2.5,8.0,0.2,0.04,0.08,7.4,7.6,7.3,7.5,0"
2024-10-18 10:17:31.725476,"0,2501,1001,50,7.5,1.2,25.3,12.4,1500,1400,1.1,1.5,0.25,0.05,0.1,2.5,8.0,0.2,0.04,0.08,7.4,7.6,7.3,7.5,0"
2024-10-18 10:17:31.735590,"0,2501,1515,50,7.5,1.2,25.3,12.4,1500,1400,1.1,1.5,0.25,0.05,0.1,2.5,8.0,0.2,0.04,0.08,7.4,7.6,7.3,7.5,0"
2024-10-18 10:17:36.747255,"0,2501,1001,50,7.5,1.2,25.3,12.4,1500,1400,1.1,1.5,0.25,0.05,0.1,2.5,8.0,0.2,0.04,0.08,7.4,7.6,7.3,7.5,0"
2024-10-18 10:17:36.755258,"0,2501,1515,50,7.5,1.2,25.3,12.4,1500,1400,1.1,1.5,0.25,0.05,0.1,2.5,8.0,0.2,0.04,0.08,7.4,7.6,7.3,7.5,0"
2024-10-18 10:17:41.769493,"0,2501,1001,50,7.5,1.2,25.3,12.4,1500,1400,1.1,1.5,0.25,0.05,0.1,2.5,8.0,0.2,0.04,0.08,7.4,7.6,7.3,7.5,0"
2024-10-18 10:17:41.778102,"0,2501,1515,50,7.5,1.2,25.3,12.4,1500,1400,1.1,1.5,0.25,0.05,0.1,2.5,8.0,0.2,0.04,0.08,7.4,7.6,7.3,7.5,0"
2024-10-18 10:17:46.787705,"0,2501,1001,50,7.5,1.2,25.3,12.4,1500,1400,1.1,1.5,0.25,0.05,0.1,2.5,8.0,0.2,0.04,0.08,7.4,7.6,7.3,7.5,0"
2024-10-18 10:17:46.801320,"0,2501,1515,50,7.5,1.2,25.3,12.4,1500,1400,1.1,1.5,0.25,0.05,0.1,2.5,8.0,0.2,0.04,0.08,7.4,7.6,7.3,7.5,0"
2024-10-18 10:17:55.573089,"0,2501,1001,50,7.5,1.2,25.3,12.4,1500,1400,1.1,1.5,0.25,0.05,0.1,2.5,8.0,0.2,0.04,0.08,7.4,7.6,7.3,7.5,0"
2024-10-18 10:17:55.593640,"0,2501,1515,50,7.5,1.2,25.3,12.4,1500,1400,1.1,1.5,0.25,0.05,0.1,2.5,8.0,0.2,0.04,0.08,7.4,7.6,7.3,7.5,0"
2024-10-18 10:18:00.618079,"0,2501,1001,50,7.5,1.2,25.3,12.4,1500,1400,1.1,1.5,0.25,0.05,0.1,2.5,8.0,0.2,0.04,0.08,7.4,7.6,7.3,7.5,0"
2024-10-18 10:18:00.626088,"0,2501,1515,50,7.5,1.2,25.3,12.4,1500,1400,1.1,1.5,0.25,0.05,0.1,2.5,8.0,0.2,0.04,0.08,7.4,7.6,7.3,7.5,0"
2024-10-18 10:18:05.637027,"0,2501,1001,50,7.5,1.2,25.3,12.4,1500,1400,1.1,1.5,0.25,0.05,0.1,2.5,8.0,0.2,0.04,0.08,7.4,7.6,7.3,7.5,0"
2024-10-18 10:18:05.647109,"0,2501,1515,50,7.5,1.2,25.3,12.4,1500,1400,1.1,1.5,0.25,0.05,0.1,2.5,8.0,0.2,0.04,0.08,7.4,7.6,7.3,7.5,0"
2024-10-18 10:18:10.658483,"0,2501,1001,50,7.5,1.2,25.3,12.4,1500,1400,1.1,1.5,0.25,0.05,0.1,2.5,8.0,0.2,0.04,0.08,7.4,7.6,7.3,7.5,0"
2024-10-18 10:18:10.672027,"0,2501,1515,50,7.5,1.2,25.3,12.4,1500,1400,1.1,1.5,0.25,0.05,0.1,2.5,8.0,0.2,0.04,0.08,7.4,7.6,7.3,7.5,0"
2024-10-18 10:18:15.681285,"0,2501,1001,50,7.5,1.2,25.3,12.4,1500,1400,1.1,1.5,0.25,0.05,0.1,2.5,8.0,0.2,0.04,0.08,7.4,7.6,7.3,7.5,0"
2024-10-18 10:18:15.692048,"0,2501,1515,50,7.5,1.2,25.3,12.4,1500,1400,1.1,1.5,0.25,0.05,0.1,2.5,8.0,0.2,0.04,0.08,7.4,7.6,7.3,7.5,0"
2024-10-18 10:18:20.699747,"0,2501,1001,50,7.5,1.2,25.3,12.4,1500,1400,1.1,1.5,0.25,0.05,0.1,2.5,8.0,0.2,0.04,0.08,7.4,7.6,7.3,7.5,0"
2024-10-18 10:18:20.709802,"0,2501,1515,50,7.5,1.2,25.3,12.4,1500,1400,1.1,1.5,0.25,0.05,0.1,2.5,8.0,0.2,0.04,0.08,7.4,7.6,7.3,7.5,0"
2024-10-18 10:18:25.721509,"0,2501,1001,50,7.5,1.2,25.3,12.4,1500,1400,1.1,1.5,0.25,0.05,0.1,2.5,8.0,0.2,0.04,0.08,7.4,7.6,7.3,7.5,0"
2024-10-18 10:18:25.732406,"0,2501,1515,50,7.5,1.2,25.3,12.4,1500,1400,1.1,1.5,0.25,0.05,0.1,2.5,8.0,0.2,0.04,0.08,7.4,7.6,7.3,7.5,0"
2024-10-18 10:18:30.742847,"0,2501,1001,50,7.5,1.2,25.3,12.4,1500,1400,1.1,1.5,0.25,0.05,0.1,2.5,8.0,0.2,0.04,0.08,7.4,7.6,7.3,7.5,0"
2024-10-18 10:18:30.754788,"0,2501,1515,50,7.5,1.2,25.3,12.4,1500,1400,1.1,1.5,0.25,0.05,0.1,2.5,8.0,0.2,0.04,0.08,7.4,7.6,7.3,7.5,0"
2024-10-18 10:18:35.770055,"0,2501,1001,50,7.5,1.2,25.3,12.4,1500,1400,1.1,1.5,0.25,0.05,0.1,2.5,8.0,0.2,0.04,0.08,7.4,7.6,7.3,7.5,0"
2024-10-18 10:18:35.782042,"0,2501,1515,50,7.5,1.2,25.3,12.4,1500,1400,1.1,1.5,0.25,0.05,0.1,2.5,8.0,0.2,0.04,0.08,7.4,7.6,7.3,7.5,0"
2024-10-18 10:18:44.540806,"0,2501,1001,50,7.5,1.2,25.3,12.4,1500,1400,1.1,1.5,0.25,0.05,0.1,2.5,8.0,0.2,0.04,0.08,7.4,7.6,7.3,7.5,0"
2024-10-18 10:18:44.551625,"0,2501,1515,50,7.5,1.2,25.3,12.4,1500,1400,1.1,1.5,0.25,0.05,0.1,2.5,8.0,0.2,0.04,0.08,7.4,7.6,7.3,7.5,0"
2024-10-18 10:18:49.563735,"0,2501,1001,50,7.5,1.2,25.3,12.4,1500,1400,1.1,1.5,0.25,0.05,0.1,2.5,8.0,0.2,0.04,0.08,7.4,7.6,7.3,7.5,0"
2024-10-18 10:18:49.574622,"0,2501,1515,50,7.5,1.2,25.3,12.4,1500,1400,1.1,1.5,0.25,0.05,0.1,2.5,8.0,0.2,0.04,0.08,7.4,7.6,7.3,7.5,0"
2024-10-18 10:18:54.585765,"0,2501,1001,50,7.5,1.2,25.3,12.4,1500,1400,1.1,1.5,0.25,0.05,0.1,2.5,8.0,0.2,0.04,0.08,7.4,7.6,7.3,7.5,0"
2024-10-18 10:18:54.594674,"0,2501,1515,50,7.5,1.2,25.3,12.4,1500,1400,1.1,1.5,0.25,0.05,0.1,2.5,8.0,0.2,0.04,0.08,7.4,7.6,7.3,7.5,0"
2024-10-18 10:18:59.609379,"0,2501,1001,50,7.5,1.2,25.3,12.4,1500,1400,1.1,1.5,0.25,0.05,0.1,2.5,8.0,0.2,0.04,0.08,7.4,7.6,7.3,7.5,0"
2024-10-18 10:18:59.618495,"0,2501,1515,50,7.5,1.2,25.3,12.4,1500,1400,1.1,1.5,0.25,0.05,0.1,2.5,8.0,0.2,0.04,0.08,7.4,7.6,7.3,7.5,0"
2024-10-18 10:19:04.627647,"0,2501,1001,50,7.5,1.2,25.3,12.4,1500,1400,1.1,1.5,0.25,0.05,0.1,2.5,8.0,0.2,0.04,0.08,7.4,7.6,7.3,7.5,0"
2024-10-18 10:19:04.637648,"0,2501,1515,50,7.5,1.2,25.3,12.4,1500,1400,1.1,1.5,0.25,0.05,0.1,2.5,8.0,0.2,0.04,0.08,7.4,7.6,7.3,7.5,0"
2024-10-18 10:19:09.648924,"0,2501,1001,50,7.5,1.2,25.3,12.4,1500,1400,1.1,1.5,0.25,0.05,0.1,2.5,8.0,0.2,0.04,0.08,7.4,7.6,7.3,7.5,0"
2024-10-18 10:19:09.662960,"0,2501,1515,50,7.5,1.2,25.3,12.4,1500,1400,1.1,1.5,0.25,0.05,0.1,2.5,8.0,0.2,0.04,0.08,7.4,7.6,7.3,7.5,0"
2024-10-18 10:19:14.669679,"0,2501,1001,50,7.5,1.2,25.3,12.4,1500,1400,1.1,1.5,0.25,0.05,0.1,2.5,8.0,0.2,0.04,0.08,7.4,7.6,7.3,7.5,0"
2024-10-18 10:19:14.680727,"0,2501,1515,50,7.5,1.2,25.3,12.4,1500,1400,1.1,1.5,0.25,0.05,0.1,2.5,8.0,0.2,0.04,0.08,7.4,7.6,7.3,7.5,0"
2024-10-18 10:19:19.689801,"0,2501,1001,50,7.5,1.2,25.3,12.4,1500,1400,1.1,1.5,0.25,0.05,0.1,2.5,8.0,0.2,0.04,0.08,7.4,7.6,7.3,7.5,0"
2024-10-18 10:19:19.699806,"0,2501,1515,50,7.5,1.2,25.3,12.4,1500,1400,1.1,1.5,0.25,0.05,0.1,2.5,8.0,0.2,0.04,0.08,7.4,7.6,7.3,7.5,0"
2024-10-18 10:19:24.711376,"0,2501,1001,50,7.5,1.2,25.3,12.4,1500,1400,1.1,1.5,0.25,0.05,0.1,2.5,8.0,0.2,0.04,0.08,7.4,7.6,7.3,7.5,0"
2024-10-18 10:19:24.722342,"0,2501,1515,50,7.5,1.2,25.3,12.4,1500,1400,1.1,1.5,0.25,0.05,0.1,2.5,8.0,0.2,0.04,0.08,7.4,7.6,7.3,7.5,0"
2024-10-18 10:19:33.513032,"0,2501,1001,50,7.5,1.2,25.3,12.4,1500,1400,1.1,1.5,0.25,0.05,0.1,2.5,8.0,0.2,0.04,0.08,7.4,7.6,7.3,7.5,0"
2024-10-18 10:19:33.524392,"0,2501,1515,50,7.5,1.2,25.3,12.4,1500,1400,1.1,1.5,0.25,0.05,0.1,2.5,8.0,0.2,0.04,0.08,7.4,7.6,7.3,7.5,0"
2024-10-18 10:19:38.535458,"0,2501,1001,50,7.5,1.2,25.3,12.4,1500,1400,1.1,1.5,0.25,0.05,0.1,2.5,8.0,0.2,0.04,0.08,7.4,7.6,7.3,7.5,0"
2024-10-18 10:19:38.547522,"0,2501,1515,50,7.5,1.2,25.3,12.4,1500,1400,1.1,1.5,0.25,0.05,0.1,2.5,8.0,0.2,0.04,0.08,7.4,7.6,7.3,7.5,0"
2024-10-18 10:19:43.556177,"0,2501,1001,50,7.5,1.2,25.3,12.4,1500,1400,1.1,1.5,0.25,0.05,0.1,2.5,8.0,0.2,0.04,0.08,7.4,7.6,7.3,7.5,0"
2024-10-18 10:19:43.566512,"0,2501,1515,50,7.5,1.2,25.3,12.4,1500,1400,1.1,1.5,0.25,0.05,0.1,2.5,8.0,0.2,0.04,0.08,7.4,7.6,7.3,7.5,0"
2024-10-18 10:19:48.577892,"0,2501,1001,50,7.5,1.2,25.3,12.4,1500,1400,1.1,1.5,0.25,0.05,0.1,2.5,8.0,0.2,0.04,0.08,7.4,7.6,7.3,7.5,0"
2024-10-18 10:19:48.588645,"0,2501,1515,50,7.5,1.2,25.3,12.4,1500,1400,1.1,1.5,0.25,0.05,0.1,2.5,8.0,0.2,0.04,0.08,7.4,7.6,7.3,7.5,0"
2024-10-18 10:30:52.482437,"0,2501,1001,50,7.5,1.2,25.3,12.4,1500,1400,1.1,1.5,0.25,0.05,0.1,2.5,8.0,0.2,0.04,0.08,7.4,7.6,7.3,7.5,0"
2024-10-18 10:30:52.499115,"0,2501,1515,50,7.5,1.2,25.3,12.4,1500,1400,1.1,1.5,0.25,0.05,0.1,2.5,8.0,0.2,0.04,0.08,7.4,7.6,7.3,7.5,0"
2024-10-18 10:30:57.489151,"0,2501,1001,50,7.5,1.2,25.3,12.4,1500,1400,1.1,1.5,0.25,0.05,0.1,2.5,8.0,0.2,0.04,0.08,7.4,7.6,7.3,7.5,0"
2024-10-18 10:30:57.589032,"0,2501,1515,50,7.5,1.2,25.3,12.4,1500,1400,1.1,1.5,0.25,0.05,0.1,2.5,8.0,0.2,0.04,0.08,7.4,7.6,7.3,7.5,0"
2024-10-18 10:31:02.689482,"0,2501,1001,50,7.5,1.2,25.3,12.4,1500,1400,1.1,1.5,0.25,0.05,0.1,2.5,8.0,0.2,0.04,0.08,7.4,7.6,7.3,7.5,0"
2024-10-18 10:31:02.702594,"0,2501,1515,50,7.5,1.2,25.3,12.4,1500,1400,1.1,1.5,0.25,0.05,0.1,2.5,8.0,0.2,0.04,0.08,7.4,7.6,7.3,7.5,0"
2024-10-18 10:31:07.797760,"0,2501,1001,50,7.5,1.2,25.3,12.4,1500,1400,1.1,1.5,0.25,0.05,0.1,2.5,8.0,0.2,0.04,0.08,7.4,7.6,7.3,7.5,0"
2024-10-18 10:31:07.804999,"0,2501,1515,50,7.5,1.2,25.3,12.4,1500,1400,1.1,1.5,0.25,0.05,0.1,2.5,8.0,0.2,0.04,0.08,7.4,7.6,7.3,7.5,0"
2024-10-18 10:31:16.731121,"0,2501,1001,50,7.5,1.2,25.3,12.4,1500,1400,1.1,1.5,0.25,0.05,0.1,2.5,8.0,0.2,0.04,0.08,7.4,7.6,7.3,7.5,0"
2024-10-18 10:31:16.742027,"0,2501,1515,50,7.5,1.2,25.3,12.4,1500,1400,1.1,1.5,0.25,0.05,0.1,2.5,8.0,0.2,0.04,0.08,7.4,7.6,7.3,7.5,0"
2024-10-18 10:31:21.921232,"0,2501,1001,50,7.5,1.2,25.3,12.4,1500,1400,1.1,1.5,0.25,0.05,0.1,2.5,8.0,0.2,0.04,0.08,7.4,7.6,7.3,7.5,0"
2024-10-18 10:31:21.931861,"0,2501,1515,50,7.5,1.2,25.3,12.4,1500,1400,1.1,1.5,0.25,0.05,0.1,2.5,8.0,0.2,0.04,0.08,7.4,7.6,7.3,7.5,0"
2024-10-18 10:31:27.029546,"0,2501,1001,50,7.5,1.2,25.3,12.4,1500,1400,1.1,1.5,0.25,0.05,0.1,2.5,8.0,0.2,0.04,0.08,7.4,7.6,7.3,7.5,0"
2024-10-18 10:31:27.039723,"0,2501,1515,50,7.5,1.2,25.3,12.4,1500,1400,1.1,1.5,0.25,0.05,0.1,2.5,8.0,0.2,0.04,0.08,7.4,7.6,7.3,7.5,0"
2024-10-18 10:31:32.137464,"0,2501,1001,50,7.5,1.2,25.3,12.4,1500,1400,1.1,1.5,0.25,0.05,0.1,2.5,8.0,0.2,0.04,0.08,7.4,7.6,7.3,7.5,0"
2024-10-18 10:31:32.160962,"2024-10-18 10:31:31 - serial_command_parser - ERROR: Error parsing command: 0,2501,1002,3008,2000,2000,0,0,0,0,0,0,0,1,0,0,0,0,0,0,0,0,1,107,200,20,100,100,60000,1000,37,0,0.9,0.003125,0.003125,2,5,1,0.2, - invalid syntax for number"
2024-10-18 10:31:32.169940,"0,2501,1515,50,7.5,1.2,25.3,12.4,1500,1400,1.1,1.5,0.25,0.05,0.1,2.5,8.0,0.2,0.04,0.08,7.4,7.6,7.3,7.5,0"
2024-10-18 10:31:37.183003,"0,2501,1001,50,7.5,1.2,25.3,12.4,1500,1400,1.1,1.5,0.25,0.05,0.1,2.5,8.0,0.2,0.04,0.08,7.4,7.6,7.3,7.5,0"
2024-10-18 10:31:37.193034,"0,2501,1515,50,7.5,1.2,25.3,12.4,1500,1400,1.1,1.5,0.25,0.05,0.1,2.5,8.0,0.2,0.04,0.08,7.4,7.6,7.3,7.5,0"
2024-10-18 10:31:42.293506,"0,2501,1001,50,7.5,1.2,25.3,12.4,1500,1400,1.1,1.5,0.25,0.05,0.1,2.5,8.0,0.2,0.04,0.08,7.4,7.6,7.3,7.5,0"
2024-10-18 10:31:42.307507,"0,2501,1515,50,7.5,1.2,25.3,12.4,1500,1400,1.1,1.5,0.25,0.05,0.1,2.5,8.0,0.2,0.04,0.08,7.4,7.6,7.3,7.5,0"
2024-10-18 10:31:51.178016,"0,2501,1001,50,7.5,1.2,25.3,12.4,1500,1400,1.1,1.5,0.25,0.05,0.1,2.5,8.0,0.2,0.04,0.08,7.4,7.6,7.3,7.5,0"
2024-10-18 10:31:51.191292,"0,2501,1515,50,7.5,1.2,25.3,12.4,1500,1400,1.1,1.5,0.25,0.05,0.1,2.5,8.0,0.2,0.04,0.08,7.4,7.6,7.3,7.5,0"
2024-10-18 10:31:56.367373,"0,2501,1001,50,7.5,1.2,25.3,12.4,1500,1400,1.1,1.5,0.25,0.05,0.1,2.5,8.0,0.2,0.04,0.08,7.4,7.6,7.3,7.5,0"
2024-10-18 10:31:56.378447,"0,2501,1515,50,7.5,1.2,25.3,12.4,1500,1400,1.1,1.5,0.25,0.05,0.1,2.5,8.0,0.2,0.04,0.08,7.4,7.6,7.3,7.5,0"
2024-10-18 10:32:01.476276,"0,2501,1001,50,7.5,1.2,25.3,12.4,1500,1400,1.1,1.5,0.25,0.05,0.1,2.5,8.0,0.2,0.04,0.08,7.4,7.6,7.3,7.5,0"
2024-10-18 10:32:01.487310,"0,2501,1515,50,7.5,1.2,25.3,12.4,1500,1400,1.1,1.5,0.25,0.05,0.1,2.5,8.0,0.2,0.04,0.08,7.4,7.6,7.3,7.5,0"
2024-10-18 10:32:06.584435,"0,2501,1001,50,7.5,1.2,25.3,12.4,1500,1400,1.1,1.5,0.25,0.05,0.1,2.5,8.0,0.2,0.04,0.08,7.4,7.6,7.3,7.5,0"
2024-10-18 10:32:06.601339,"0,2501,1515,50,7.5,1.2,25.3,12.4,1500,1400,1.1,1.5,0.25,0.05,0.1,2.5,8.0,0.2,0.04,0.08,7.4,7.6,7.3,7.5,0"
2024-10-18 10:32:11.693743,"0,2501,1001,50,7.5,1.2,25.3,12.4,1500,1400,1.1,1.5,0.25,0.05,0.1,2.5,8.0,0.2,0.04,0.08,7.4,7.6,7.3,7.5,0"
2024-10-18 10:32:11.702090,"0,2501,1515,50,7.5,1.2,25.3,12.4,1500,1400,1.1,1.5,0.25,0.05,0.1,2.5,8.0,0.2,0.04,0.08,7.4,7.6,7.3,7.5,0"
2024-10-18 10:32:16.804589,"0,2501,1001,50,7.5,1.2,25.3,12.4,1500,1400,1.1,1.5,0.25,0.05,0.1,2.5,8.0,0.2,0.04,0.08,7.4,7.6,7.3,7.5,0"
2024-10-18 10:32:16.812060,"0,2501,1515,50,7.5,1.2,25.3,12.4,1500,1400,1.1,1.5,0.25,0.05,0.1,2.5,8.0,0.2,0.04,0.08,7.4,7.6,7.3,7.5,0"
2024-10-18 10:32:25.802112,"0,2501,1001,50,7.5,1.2,25.3,12.4,1500,1400,1.1,1.5,0.25,0.05,0.1,2.5,8.0,0.2,0.04,0.08,7.4,7.6,7.3,7.5,0"
2024-10-18 10:32:25.811136,"0,2501,1515,50,7.5,1.2,25.3,12.4,1500,1400,1.1,1.5,0.25,0.05,0.1,2.5,8.0,0.2,0.04,0.08,7.4,7.6,7.3,7.5,0"
2024-10-18 10:32:30.906990,"0,2501,1001,50,7.5,1.2,25.3,12.4,1500,1400,1.1,1.5,0.25,0.05,0.1,2.5,8.0,0.2,0.04,0.08,7.4,7.6,7.3,7.5,0"
2024-10-18 10:32:30.915885,"0,2501,1515,50,7.5,1.2,25.3,12.4,1500,1400,1.1,1.5,0.25,0.05,0.1,2.5,8.0,0.2,0.04,0.08,7.4,7.6,7.3,7.5,0"
2024-10-18 10:32:36.013429,"0,2501,1001,50,7.5,1.2,25.3,12.4,1500,1400,1.1,1.5,0.25,0.05,0.1,2.5,8.0,0.2,0.04,0.08,7.4,7.6,7.3,7.5,0"
2024-10-18 10:32:36.023400,"0,2501,1515,50,7.5,1.2,25.3,12.4,1500,1400,1.1,1.5,0.25,0.05,0.1,2.5,8.0,0.2,0.04,0.08,7.4,7.6,7.3,7.5,0"
2024-10-18 10:32:41.035561,"0,2501,1001,50,7.5,1.2,25.3,12.4,1500,1400,1.1,1.5,0.25,0.05,0.1,2.5,8.0,0.2,0.04,0.08,7.4,7.6,7.3,7.5,0"
2024-10-18 10:32:41.044004,"0,2501,1515,50,7.5,1.2,25.3,12.4,1500,1400,1.1,1.5,0.25,0.05,0.1,2.5,8.0,0.2,0.04,0.08,7.4,7.6,7.3,7.5,0"
2024-10-18 10:32:46.054801,"0,2501,1001,50,7.5,1.2,25.3,12.4,1500,1400,1.1,1.5,0.25,0.05,0.1,2.5,8.0,0.2,0.04,0.08,7.4,7.6,7.3,7.5,0"
2024-10-18 10:32:46.064971,"0,2501,1515,50,7.5,1.2,25.3,12.4,1500,1400,1.1,1.5,0.25,0.05,0.1,2.5,8.0,0.2,0.04,0.08,7.4,7.6,7.3,7.5,0"
2024-10-18 10:32:51.074787,"0,2501,1001,50,7.5,1.2,25.3,12.4,1500,1400,1.1,1.5,0.25,0.05,0.1,2.5,8.0,0.2,0.04,0.08,7.4,7.6,7.3,7.5,0"
2024-10-18 10:32:51.085085,"0,2501,1515,50,7.5,1.2,25.3,12.4,1500,1400,1.1,1.5,0.25,0.05,0.1,2.5,8.0,0.2,0.04,0.08,7.4,7.6,7.3,7.5,0"
2024-10-18 10:32:56.095583,"0,2501,1001,50,7.5,1.2,25.3,12.4,1500,1400,1.1,1.5,0.25,0.05,0.1,2.5,8.0,0.2,0.04,0.08,7.4,7.6,7.3,7.5,0"
2024-10-18 10:32:56.106658,"0,2501,1515,50,7.5,1.2,25.3,12.4,1500,1400,1.1,1.5,0.25,0.05,0.1,2.5,8.0,0.2,0.04,0.08,7.4,7.6,7.3,7.5,0"
2024-10-18 10:33:04.864339,"0,2501,1001,50,7.5,1.2,25.3,12.4,1500,1400,1.1,1.5,0.25,0.05,0.1,2.5,8.0,0.2,0.04,0.08,7.4,7.6,7.3,7.5,0"
2024-10-18 10:33:04.885074,"0,2501,1515,50,7.5,1.2,25.3,12.4,1500,1400,1.1,1.5,0.25,0.05,0.1,2.5,8.0,0.2,0.04,0.08,7.4,7.6,7.3,7.5,0"
2024-10-18 10:33:09.907658,"0,2501,1001,50,7.5,1.2,25.3,12.4,1500,1400,1.1,1.5,0.25,0.05,0.1,2.5,8.0,0.2,0.04,0.08,7.4,7.6,7.3,7.5,0"
2024-10-18 10:33:09.915665,"0,2501,1515,50,7.5,1.2,25.3,12.4,1500,1400,1.1,1.5,0.25,0.05,0.1,2.5,8.0,0.2,0.04,0.08,7.4,7.6,7.3,7.5,0"
2024-10-18 10:33:14.927888,"0,2501,1001,50,7.5,1.2,25.3,12.4,1500,1400,1.1,1.5,0.25,0.05,0.1,2.5,8.0,0.2,0.04,0.08,7.4,7.6,7.3,7.5,0"
2024-10-18 10:33:14.939000,"0,2501,1515,50,7.5,1.2,25.3,12.4,1500,1400,1.1,1.5,0.25,0.05,0.1,2.5,8.0,0.2,0.04,0.08,7.4,7.6,7.3,7.5,0"
2024-10-18 10:33:19.949378,"0,2501,1001,50,7.5,1.2,25.3,12.4,1500,1400,1.1,1.5,0.25,0.05,0.1,2.5,8.0,0.2,0.04,0.08,7.4,7.6,7.3,7.5,0"
2024-10-18 10:33:19.958414,"0,2501,1515,50,7.5,1.2,25.3,12.4,1500,1400,1.1,1.5,0.25,0.05,0.1,2.5,8.0,0.2,0.04,0.08,7.4,7.6,7.3,7.5,0"
2024-10-18 10:33:24.968154,"0,2501,1001,50,7.5,1.2,25.3,12.4,1500,1400,1.1,1.5,0.25,0.05,0.1,2.5,8.0,0.2,0.04,0.08,7.4,7.6,7.3,7.5,0"
2024-10-18 10:33:24.978113,"0,2501,1515,50,7.5,1.2,25.3,12.4,1500,1400,1.1,1.5,0.25,0.05,0.1,2.5,8.0,0.2,0.04,0.08,7.4,7.6,7.3,7.5,0"
2024-10-18 10:33:29.989114,"0,2501,1001,50,7.5,1.2,25.3,12.4,1500,1400,1.1,1.5,0.25,0.05,0.1,2.5,8.0,0.2,0.04,0.08,7.4,7.6,7.3,7.5,0"
2024-10-18 10:33:29.999625,"0,2501,1515,50,7.5,1.2,25.3,12.4,1500,1400,1.1,1.5,0.25,0.05,0.1,2.5,8.0,0.2,0.04,0.08,7.4,7.6,7.3,7.5,0"
2024-10-18 10:33:35.007268,"0,2501,1001,50,7.5,1.2,25.3,12.4,1500,1400,1.1,1.5,0.25,0.05,0.1,2.5,8.0,0.2,0.04,0.08,7.4,7.6,7.3,7.5,0"
2024-10-18 10:33:35.019273,"0,2501,1515,50,7.5,1.2,25.3,12.4,1500,1400,1.1,1.5,0.25,0.05,0.1,2.5,8.0,0.2,0.04,0.08,7.4,7.6,7.3,7.5,0"
2024-10-18 10:33:40.029562,"0,2501,1001,50,7.5,1.2,25.3,12.4,1500,1400,1.1,1.5,0.25,0.05,0.1,2.5,8.0,0.2,0.04,0.08,7.4,7.6,7.3,7.5,0"
2024-10-18 10:33:40.040002,"0,2501,1515,50,7.5,1.2,25.3,12.4,1500,1400,1.1,1.5,0.25,0.05,0.1,2.5,8.0,0.2,0.04,0.08,7.4,7.6,7.3,7.5,0"
2024-10-18 10:33:45.049911,"0,2501,1001,50,7.5,1.2,25.3,12.4,1500,1400,1.1,1.5,0.25,0.05,0.1,2.5,8.0,0.2,0.04,0.08,7.4,7.6,7.3,7.5,0"
2024-10-18 10:33:45.059042,"0,2501,1515,50,7.5,1.2,25.3,12.4,1500,1400,1.1,1.5,0.25,0.05,0.1,2.5,8.0,0.2,0.04,0.08,7.4,7.6,7.3,7.5,0"
2024-10-18 10:33:53.845822,"0,2501,1001,50,7.5,1.2,25.3,12.4,1500,1400,1.1,1.5,0.25,0.05,0.1,2.5,8.0,0.2,0.04,0.08,7.4,7.6,7.3,7.5,0"
2024-10-18 10:33:53.865857,"0,2501,1515,50,7.5,1.2,25.3,12.4,1500,1400,1.1,1.5,0.25,0.05,0.1,2.5,8.0,0.2,0.04,0.08,7.4,7.6,7.3,7.5,0"
2024-10-18 10:33:58.886583,"0,2501,1001,50,7.5,1.2,25.3,12.4,1500,1400,1.1,1.5,0.25,0.05,0.1,2.5,8.0,0.2,0.04,0.08,7.4,7.6,7.3,7.5,0"
2024-10-18 10:33:58.896581,"0,2501,1515,50,7.5,1.2,25.3,12.4,1500,1400,1.1,1.5,0.25,0.05,0.1,2.5,8.0,0.2,0.04,0.08,7.4,7.6,7.3,7.5,0"
2024-10-18 10:34:03.906653,"0,2501,1001,50,7.5,1.2,25.3,12.4,1500,1400,1.1,1.5,0.25,0.05,0.1,2.5,8.0,0.2,0.04,0.08,7.4,7.6,7.3,7.5,0"
2024-10-18 10:34:03.918691,"0,2501,1515,50,7.5,1.2,25.3,12.4,1500,1400,1.1,1.5,0.25,0.05,0.1,2.5,8.0,0.2,0.04,0.08,7.4,7.6,7.3,7.5,0"
2024-10-18 10:34:08.926260,"0,2501,1001,50,7.5,1.2,25.3,12.4,1500,1400,1.1,1.5,0.25,0.05,0.1,2.5,8.0,0.2,0.04,0.08,7.4,7.6,7.3,7.5,0"
2024-10-18 10:34:08.937324,"0,2501,1515,50,7.5,1.2,25.3,12.4,1500,1400,1.1,1.5,0.25,0.05,0.1,2.5,8.0,0.2,0.04,0.08,7.4,7.6,7.3,7.5,0"
2024-10-18 10:34:13.948383,"0,2501,1001,50,7.5,1.2,25.3,12.4,1500,1400,1.1,1.5,0.25,0.05,0.1,2.5,8.0,0.2,0.04,0.08,7.4,7.6,7.3,7.5,0"
2024-10-18 10:34:13.960028,"0,2501,1515,50,7.5,1.2,25.3,12.4,1500,1400,1.1,1.5,0.25,0.05,0.1,2.5,8.0,0.2,0.04,0.08,7.4,7.6,7.3,7.5,0"
2024-10-18 10:34:18.968349,"0,2501,1001,50,7.5,1.2,25.3,12.4,1500,1400,1.1,1.5,0.25,0.05,0.1,2.5,8.0,0.2,0.04,0.08,7.4,7.6,7.3,7.5,0"
2024-10-18 10:34:18.978861,"0,2501,1515,50,7.5,1.2,25.3,12.4,1500,1400,1.1,1.5,0.25,0.05,0.1,2.5,8.0,0.2,0.04,0.08,7.4,7.6,7.3,7.5,0"
2024-10-18 10:34:23.988575,"0,2501,1001,50,7.5,1.2,25.3,12.4,1500,1400,1.1,1.5,0.25,0.05,0.1,2.5,8.0,0.2,0.04,0.08,7.4,7.6,7.3,7.5,0"
2024-10-18 10:34:23.998295,"0,2501,1515,50,7.5,1.2,25.3,12.4,1500,1400,1.1,1.5,0.25,0.05,0.1,2.5,8.0,0.2,0.04,0.08,7.4,7.6,7.3,7.5,0"
2024-10-18 10:34:29.008011,"0,2501,1001,50,7.5,1.2,25.3,12.4,1500,1400,1.1,1.5,0.25,0.05,0.1,2.5,8.0,0.2,0.04,0.08,7.4,7.6,7.3,7.5,0"
2024-10-18 10:34:29.017167,"0,2501,1515,50,7.5,1.2,25.3,12.4,1500,1400,1.1,1.5,0.25,0.05,0.1,2.5,8.0,0.2,0.04,0.08,7.4,7.6,7.3,7.5,0"
2024-10-18 10:34:34.029508,"0,2501,1001,50,7.5,1.2,25.3,12.4,1500,1400,1.1,1.5,0.25,0.05,0.1,2.5,8.0,0.2,0.04,0.08,7.4,7.6,7.3,7.5,0"
2024-10-18 10:34:34.039669,"0,2501,1515,50,7.5,1.2,25.3,12.4,1500,1400,1.1,1.5,0.25,0.05,0.1,2.5,8.0,0.2,0.04,0.08,7.4,7.6,7.3,7.5,0"
2024-10-18 10:34:42.830214,"0,2501,1001,50,7.5,1.2,25.3,12.4,1500,1400,1.1,1.5,0.25,0.05,0.1,2.5,8.0,0.2,0.04,0.08,7.4,7.6,7.3,7.5,0"
2024-10-18 10:34:42.849504,"0,2501,1515,50,7.5,1.2,25.3,12.4,1500,1400,1.1,1.5,0.25,0.05,0.1,2.5,8.0,0.2,0.04,0.08,7.4,7.6,7.3,7.5,0"
2024-10-18 10:34:47.870663,"0,2501,1001,50,7.5,1.2,25.3,12.4,1500,1400,1.1,1.5,0.25,0.05,0.1,2.5,8.0,0.2,0.04,0.08,7.4,7.6,7.3,7.5,0"
2024-10-18 10:34:47.884758,"0,2501,1515,50,7.5,1.2,25.3,12.4,1500,1400,1.1,1.5,0.25,0.05,0.1,2.5,8.0,0.2,0.04,0.08,7.4,7.6,7.3,7.5,0"
2024-10-18 10:34:52.891872,"0,2501,1001,50,7.5,1.2,25.3,12.4,1500,1400,1.1,1.5,0.25,0.05,0.1,2.5,8.0,0.2,0.04,0.08,7.4,7.6,7.3,7.5,0"
2024-10-18 10:34:52.902882,"0,2501,1515,50,7.5,1.2,25.3,12.4,1500,1400,1.1,1.5,0.25,0.05,0.1,2.5,8.0,0.2,0.04,0.08,7.4,7.6,7.3,7.5,0"
2024-10-18 10:34:57.912794,"0,2501,1001,50,7.5,1.2,25.3,12.4,1500,1400,1.1,1.5,0.25,0.05,0.1,2.5,8.0,0.2,0.04,0.08,7.4,7.6,7.3,7.5,0"
2024-10-18 10:34:57.921913,"0,2501,1515,50,7.5,1.2,25.3,12.4,1500,1400,1.1,1.5,0.25,0.05,0.1,2.5,8.0,0.2,0.04,0.08,7.4,7.6,7.3,7.5,0"
2024-10-18 10:35:02.933553,"0,2501,1001,50,7.5,1.2,25.3,12.4,1500,1400,1.1,1.5,0.25,0.05,0.1,2.5,8.0,0.2,0.04,0.08,7.4,7.6,7.3,7.5,0"
2024-10-18 10:35:02.944945,"0,2501,1515,50,7.5,1.2,25.3,12.4,1500,1400,1.1,1.5,0.25,0.05,0.1,2.5,8.0,0.2,0.04,0.08,7.4,7.6,7.3,7.5,0"
2024-10-18 10:35:07.952310,"0,2501,1001,50,7.5,1.2,25.3,12.4,1500,1400,1.1,1.5,0.25,0.05,0.1,2.5,8.0,0.2,0.04,0.08,7.4,7.6,7.3,7.5,0"
2024-10-18 10:35:07.964223,"0,2501,1515,50,7.5,1.2,25.3,12.4,1500,1400,1.1,1.5,0.25,0.05,0.1,2.5,8.0,0.2,0.04,0.08,7.4,7.6,7.3,7.5,0"
2024-10-18 10:35:12.974279,"0,2501,1001,50,7.5,1.2,25.3,12.4,1500,1400,1.1,1.5,0.25,0.05,0.1,2.5,8.0,0.2,0.04,0.08,7.4,7.6,7.3,7.5,0"
2024-10-18 10:35:12.983291,"0,2501,1515,50,7.5,1.2,25.3,12.4,1500,1400,1.1,1.5,0.25,0.05,0.1,2.5,8.0,0.2,0.04,0.08,7.4,7.6,7.3,7.5,0"
2024-10-18 10:35:17.992986,"0,2501,1001,50,7.5,1.2,25.3,12.4,1500,1400,1.1,1.5,0.25,0.05,0.1,2.5,8.0,0.2,0.04,0.08,7.4,7.6,7.3,7.5,0"
2024-10-18 10:35:18.003703,"0,2501,1515,50,7.5,1.2,25.3,12.4,1500,1400,1.1,1.5,0.25,0.05,0.1,2.5,8.0,0.2,0.04,0.08,7.4,7.6,7.3,7.5,0"
2024-10-18 10:35:23.013909,"0,2501,1001,50,7.5,1.2,25.3,12.4,1500,1400,1.1,1.5,0.25,0.05,0.1,2.5,8.0,0.2,0.04,0.08,7.4,7.6,7.3,7.5,0"
2024-10-18 10:35:23.023362,"0,2501,1515,50,7.5,1.2,25.3,12.4,1500,1400,1.1,1.5,0.25,0.05,0.1,2.5,8.0,0.2,0.04,0.08,7.4,7.6,7.3,7.5,0"
2024-10-18 10:35:31.803871,"0,2501,1001,50,7.5,1.2,25.3,12.4,1500,1400,1.1,1.5,0.25,0.05,0.1,2.5,8.0,0.2,0.04,0.08,7.4,7.6,7.3,7.5,0"
2024-10-18 10:35:31.826488,"0,2501,1515,50,7.5,1.2,25.3,12.4,1500,1400,1.1,1.5,0.25,0.05,0.1,2.5,8.0,0.2,0.04,0.08,7.4,7.6,7.3,7.5,0"
2024-10-18 10:35:36.847013,"0,2501,1001,50,7.5,1.2,25.3,12.4,1500,1400,1.1,1.5,0.25,0.05,0.1,2.5,8.0,0.2,0.04,0.08,7.4,7.6,7.3,7.5,0"
2024-10-18 10:35:36.857168,"0,2501,1515,50,7.5,1.2,25.3,12.4,1500,1400,1.1,1.5,0.25,0.05,0.1,2.5,8.0,0.2,0.04,0.08,7.4,7.6,7.3,7.5,0"
2024-10-18 10:35:41.871352,"0,2501,1001,50,7.5,1.2,25.3,12.4,1500,1400,1.1,1.5,0.25,0.05,0.1,2.5,8.0,0.2,0.04,0.08,7.4,7.6,7.3,7.5,0"
2024-10-18 10:35:41.882330,"0,2501,1515,50,7.5,1.2,25.3,12.4,1500,1400,1.1,1.5,0.25,0.05,0.1,2.5,8.0,0.2,0.04,0.08,7.4,7.6,7.3,7.5,0"
2024-10-18 10:35:46.888576,"0,2501,1001,50,7.5,1.2,25.3,12.4,1500,1400,1.1,1.5,0.25,0.05,0.1,2.5,8.0,0.2,0.04,0.08,7.4,7.6,7.3,7.5,0"
2024-10-18 10:35:46.898494,"0,2501,1515,50,7.5,1.2,25.3,12.4,1500,1400,1.1,1.5,0.25,0.05,0.1,2.5,8.0,0.2,0.04,0.08,7.4,7.6,7.3,7.5,0"
2024-10-18 10:35:51.914465,"0,2501,1001,50,7.5,1.2,25.3,12.4,1500,1400,1.1,1.5,0.25,0.05,0.1,2.5,8.0,0.2,0.04,0.08,7.4,7.6,7.3,7.5,0"
2024-10-18 10:35:51.922460,"0,2501,1515,50,7.5,1.2,25.3,12.4,1500,1400,1.1,1.5,0.25,0.05,0.1,2.5,8.0,0.2,0.04,0.08,7.4,7.6,7.3,7.5,0"
2024-10-18 10:35:56.931314,"0,2501,1001,50,7.5,1.2,25.3,12.4,1500,1400,1.1,1.5,0.25,0.05,0.1,2.5,8.0,0.2,0.04,0.08,7.4,7.6,7.3,7.5,0"
2024-10-18 10:35:56.939612,"0,2501,1515,50,7.5,1.2,25.3,12.4,1500,1400,1.1,1.5,0.25,0.05,0.1,2.5,8.0,0.2,0.04,0.08,7.4,7.6,7.3,7.5,0"
2024-10-18 10:36:01.950546,"0,2501,1001,50,7.5,1.2,25.3,12.4,1500,1400,1.1,1.5,0.25,0.05,0.1,2.5,8.0,0.2,0.04,0.08,7.4,7.6,7.3,7.5,0"
2024-10-18 10:36:01.962019,"0,2501,1515,50,7.5,1.2,25.3,12.4,1500,1400,1.1,1.5,0.25,0.05,0.1,2.5,8.0,0.2,0.04,0.08,7.4,7.6,7.3,7.5,0"
2024-10-18 10:36:06.974236,"0,2501,1001,50,7.5,1.2,25.3,12.4,1500,1400,1.1,1.5,0.25,0.05,0.1,2.5,8.0,0.2,0.04,0.08,7.4,7.6,7.3,7.5,0"
2024-10-18 10:36:06.981607,"0,2501,1515,50,7.5,1.2,25.3,12.4,1500,1400,1.1,1.5,0.25,0.05,0.1,2.5,8.0,0.2,0.04,0.08,7.4,7.6,7.3,7.5,0"
2024-10-18 10:36:11.992019,"0,2501,1001,50,7.5,1.2,25.3,12.4,1500,1400,1.1,1.5,0.25,0.05,0.1,2.5,8.0,0.2,0.04,0.08,7.4,7.6,7.3,7.5,0"
2024-10-18 10:36:12.003033,"0,2501,1515,50,7.5,1.2,25.3,12.4,1500,1400,1.1,1.5,0.25,0.05,0.1,2.5,8.0,0.2,0.04,0.08,7.4,7.6,7.3,7.5,0"
2024-10-18 10:36:20.830569,"0,2501,1001,50,7.5,1.2,25.3,12.4,1500,1400,1.1,1.5,0.25,0.05,0.1,2.5,8.0,0.2,0.04,0.08,7.4,7.6,7.3,7.5,0"
2024-10-18 10:36:20.840830,"0,2501,1515,50,7.5,1.2,25.3,12.4,1500,1400,1.1,1.5,0.25,0.05,0.1,2.5,8.0,0.2,0.04,0.08,7.4,7.6,7.3,7.5,0"
2024-10-18 10:36:25.851602,"0,2501,1001,50,7.5,1.2,25.3,12.4,1500,1400,1.1,1.5,0.25,0.05,0.1,2.5,8.0,0.2,0.04,0.08,7.4,7.6,7.3,7.5,0"
2024-10-18 10:36:25.862652,"0,2501,1515,50,7.5,1.2,25.3,12.4,1500,1400,1.1,1.5,0.25,0.05,0.1,2.5,8.0,0.2,0.04,0.08,7.4,7.6,7.3,7.5,0"
2024-10-18 10:36:30.873153,"0,2501,1001,50,7.5,1.2,25.3,12.4,1500,1400,1.1,1.5,0.25,0.05,0.1,2.5,8.0,0.2,0.04,0.08,7.4,7.6,7.3,7.5,0"
2024-10-18 10:36:30.881401,"0,2501,1515,50,7.5,1.2,25.3,12.4,1500,1400,1.1,1.5,0.25,0.05,0.1,2.5,8.0,0.2,0.04,0.08,7.4,7.6,7.3,7.5,0"
2024-10-18 10:36:35.891131,"0,2501,1001,50,7.5,1.2,25.3,12.4,1500,1400,1.1,1.5,0.25,0.05,0.1,2.5,8.0,0.2,0.04,0.08,7.4,7.6,7.3,7.5,0"
2024-10-18 10:36:35.901781,"0,2501,1515,50,7.5,1.2,25.3,12.4,1500,1400,1.1,1.5,0.25,0.05,0.1,2.5,8.0,0.2,0.04,0.08,7.4,7.6,7.3,7.5,0"
2024-10-18 10:36:40.914388,"0,2501,1001,50,7.5,1.2,25.3,12.4,1500,1400,1.1,1.5,0.25,0.05,0.1,2.5,8.0,0.2,0.04,0.08,7.4,7.6,7.3,7.5,0"
2024-10-18 10:36:40.922499,"0,2501,1515,50,7.5,1.2,25.3,12.4,1500,1400,1.1,1.5,0.25,0.05,0.1,2.5,8.0,0.2,0.04,0.08,7.4,7.6,7.3,7.5,0"
2024-10-18 10:36:45.935222,"0,2501,1001,50,7.5,1.2,25.3,12.4,1500,1400,1.1,1.5,0.25,0.05,0.1,2.5,8.0,0.2,0.04,0.08,7.4,7.6,7.3,7.5,0"
2024-10-18 10:36:45.943850,"0,2501,1515,50,7.5,1.2,25.3,12.4,1500,1400,1.1,1.5,0.25,0.05,0.1,2.5,8.0,0.2,0.04,0.08,7.4,7.6,7.3,7.5,0"
2024-10-18 10:36:50.956463,"0,2501,1001,50,7.5,1.2,25.3,12.4,1500,1400,1.1,1.5,0.25,0.05,0.1,2.5,8.0,0.2,0.04,0.08,7.4,7.6,7.3,7.5,0"
2024-10-18 10:36:50.964550,"0,2501,1515,50,7.5,1.2,25.3,12.4,1500,1400,1.1,1.5,0.25,0.05,0.1,2.5,8.0,0.2,0.04,0.08,7.4,7.6,7.3,7.5,0"
2024-10-18 10:36:55.975921,"0,2501,1001,50,7.5,1.2,25.3,12.4,1500,1400,1.1,1.5,0.25,0.05,0.1,2.5,8.0,0.2,0.04,0.08,7.4,7.6,7.3,7.5,0"
2024-10-18 10:36:55.984561,"0,2501,1515,50,7.5,1.2,25.3,12.4,1500,1400,1.1,1.5,0.25,0.05,0.1,2.5,8.0,0.2,0.04,0.08,7.4,7.6,7.3,7.5,0"
2024-10-18 10:37:00.996110,"0,2501,1001,50,7.5,1.2,25.3,12.4,1500,1400,1.1,1.5,0.25,0.05,0.1,2.5,8.0,0.2,0.04,0.08,7.4,7.6,7.3,7.5,0"
2024-10-18 10:37:01.005583,"0,2501,1515,50,7.5,1.2,25.3,12.4,1500,1400,1.1,1.5,0.25,0.05,0.1,2.5,8.0,0.2,0.04,0.08,7.4,7.6,7.3,7.5,0"
2024-10-18 10:37:09.799659,"0,2501,1001,50,7.5,1.2,25.3,12.4,1500,1400,1.1,1.5,0.25,0.05,0.1,2.5,8.0,0.2,0.04,0.08,7.4,7.6,7.3,7.5,0"
2024-10-18 10:37:09.809958,"0,2501,1515,50,7.5,1.2,25.3,12.4,1500,1400,1.1,1.5,0.25,0.05,0.1,2.5,8.0,0.2,0.04,0.08,7.4,7.6,7.3,7.5,0"
2024-10-18 10:37:14.822376,"0,2501,1001,50,7.5,1.2,25.3,12.4,1500,1400,1.1,1.5,0.25,0.05,0.1,2.5,8.0,0.2,0.04,0.08,7.4,7.6,7.3,7.5,0"
2024-10-18 10:37:14.833375,"0,2501,1515,50,7.5,1.2,25.3,12.4,1500,1400,1.1,1.5,0.25,0.05,0.1,2.5,8.0,0.2,0.04,0.08,7.4,7.6,7.3,7.5,0"
2024-10-18 10:37:19.841841,"0,2501,1001,50,7.5,1.2,25.3,12.4,1500,1400,1.1,1.5,0.25,0.05,0.1,2.5,8.0,0.2,0.04,0.08,7.4,7.6,7.3,7.5,0"
2024-10-18 10:37:19.851361,"0,2501,1515,50,7.5,1.2,25.3,12.4,1500,1400,1.1,1.5,0.25,0.05,0.1,2.5,8.0,0.2,0.04,0.08,7.4,7.6,7.3,7.5,0"
2024-10-18 10:37:24.861895,"0,2501,1001,50,7.5,1.2,25.3,12.4,1500,1400,1.1,1.5,0.25,0.05,0.1,2.5,8.0,0.2,0.04,0.08,7.4,7.6,7.3,7.5,0"
2024-10-18 10:37:24.872028,"0,2501,1515,50,7.5,1.2,25.3,12.4,1500,1400,1.1,1.5,0.25,0.05,0.1,2.5,8.0,0.2,0.04,0.08,7.4,7.6,7.3,7.5,0"
2024-10-18 10:37:29.883371,"0,2501,1001,50,7.5,1.2,25.3,12.4,1500,1400,1.1,1.5,0.25,0.05,0.1,2.5,8.0,0.2,0.04,0.08,7.4,7.6,7.3,7.5,0"
2024-10-18 10:37:29.893942,"0,2501,1515,50,7.5,1.2,25.3,12.4,1500,1400,1.1,1.5,0.25,0.05,0.1,2.5,8.0,0.2,0.04,0.08,7.4,7.6,7.3,7.5,0"
2024-10-18 10:37:34.903013,"0,2501,1001,50,7.5,1.2,25.3,12.4,1500,1400,1.1,1.5,0.25,0.05,0.1,2.5,8.0,0.2,0.04,0.08,7.4,7.6,7.3,7.5,0"
2024-10-18 10:37:34.912127,"0,2501,1515,50,7.5,1.2,25.3,12.4,1500,1400,1.1,1.5,0.25,0.05,0.1,2.5,8.0,0.2,0.04,0.08,7.4,7.6,7.3,7.5,0"
2024-10-18 10:37:39.925818,"0,2501,1001,50,7.5,1.2,25.3,12.4,1500,1400,1.1,1.5,0.25,0.05,0.1,2.5,8.0,0.2,0.04,0.08,7.4,7.6,7.3,7.5,0"
2024-10-18 10:37:39.936349,"0,2501,1515,50,7.5,1.2,25.3,12.4,1500,1400,1.1,1.5,0.25,0.05,0.1,2.5,8.0,0.2,0.04,0.08,7.4,7.6,7.3,7.5,0"
2024-10-18 10:37:44.946172,"0,2501,1001,50,7.5,1.2,25.3,12.4,1500,1400,1.1,1.5,0.25,0.05,0.1,2.5,8.0,0.2,0.04,0.08,7.4,7.6,7.3,7.5,0"
2024-10-18 10:37:44.954806,"0,2501,1515,50,7.5,1.2,25.3,12.4,1500,1400,1.1,1.5,0.25,0.05,0.1,2.5,8.0,0.2,0.04,0.08,7.4,7.6,7.3,7.5,0"
2024-10-18 10:37:49.965725,"0,2501,1001,50,7.5,1.2,25.3,12.4,1500,1400,1.1,1.5,0.25,0.05,0.1,2.5,8.0,0.2,0.04,0.08,7.4,7.6,7.3,7.5,0"
2024-10-18 10:37:49.975194,"0,2501,1515,50,7.5,1.2,25.3,12.4,1500,1400,1.1,1.5,0.25,0.05,0.1,2.5,8.0,0.2,0.04,0.08,7.4,7.6,7.3,7.5,0"
2024-10-18 10:37:58.749643,"0,2501,1001,50,7.5,1.2,25.3,12.4,1500,1400,1.1,1.5,0.25,0.05,0.1,2.5,8.0,0.2,0.04,0.08,7.4,7.6,7.3,7.5,0"
2024-10-18 10:37:58.760548,"0,2501,1515,50,7.5,1.2,25.3,12.4,1500,1400,1.1,1.5,0.25,0.05,0.1,2.5,8.0,0.2,0.04,0.08,7.4,7.6,7.3,7.5,0"
2024-10-18 10:38:03.772544,"0,2501,1001,50,7.5,1.2,25.3,12.4,1500,1400,1.1,1.5,0.25,0.05,0.1,2.5,8.0,0.2,0.04,0.08,7.4,7.6,7.3,7.5,0"
2024-10-18 10:38:03.783555,"0,2501,1515,50,7.5,1.2,25.3,12.4,1500,1400,1.1,1.5,0.25,0.05,0.1,2.5,8.0,0.2,0.04,0.08,7.4,7.6,7.3,7.5,0"
2024-10-18 10:38:08.795858,"0,2501,1001,50,7.5,1.2,25.3,12.4,1500,1400,1.1,1.5,0.25,0.05,0.1,2.5,8.0,0.2,0.04,0.08,7.4,7.6,7.3,7.5,0"
2024-10-18 10:38:08.806863,"0,2501,1515,50,7.5,1.2,25.3,12.4,1500,1400,1.1,1.5,0.25,0.05,0.1,2.5,8.0,0.2,0.04,0.08,7.4,7.6,7.3,7.5,0"
2024-10-18 10:38:13.814206,"0,2501,1001,50,7.5,1.2,25.3,12.4,1500,1400,1.1,1.5,0.25,0.05,0.1,2.5,8.0,0.2,0.04,0.08,7.4,7.6,7.3,7.5,0"
2024-10-18 10:38:13.822200,"0,2501,1515,50,7.5,1.2,25.3,12.4,1500,1400,1.1,1.5,0.25,0.05,0.1,2.5,8.0,0.2,0.04,0.08,7.4,7.6,7.3,7.5,0"
2024-10-18 10:38:18.834866,"0,2501,1001,50,7.5,1.2,25.3,12.4,1500,1400,1.1,1.5,0.25,0.05,0.1,2.5,8.0,0.2,0.04,0.08,7.4,7.6,7.3,7.5,0"
2024-10-18 10:38:18.845705,"0,2501,1515,50,7.5,1.2,25.3,12.4,1500,1400,1.1,1.5,0.25,0.05,0.1,2.5,8.0,0.2,0.04,0.08,7.4,7.6,7.3,7.5,0"
2024-10-18 10:38:23.855383,"0,2501,1001,50,7.5,1.2,25.3,12.4,1500,1400,1.1,1.5,0.25,0.05,0.1,2.5,8.0,0.2,0.04,0.08,7.4,7.6,7.3,7.5,0"
2024-10-18 10:38:23.865570,"0,2501,1515,50,7.5,1.2,25.3,12.4,1500,1400,1.1,1.5,0.25,0.05,0.1,2.5,8.0,0.2,0.04,0.08,7.4,7.6,7.3,7.5,0"
2024-10-18 10:38:28.873586,"0,2501,1001,50,7.5,1.2,25.3,12.4,1500,1400,1.1,1.5,0.25,0.05,0.1,2.5,8.0,0.2,0.04,0.08,7.4,7.6,7.3,7.5,0"
2024-10-18 10:38:28.884797,"0,2501,1515,50,7.5,1.2,25.3,12.4,1500,1400,1.1,1.5,0.25,0.05,0.1,2.5,8.0,0.2,0.04,0.08,7.4,7.6,7.3,7.5,0"
2024-10-18 10:38:33.898149,"0,2501,1001,50,7.5,1.2,25.3,12.4,1500,1400,1.1,1.5,0.25,0.05,0.1,2.5,8.0,0.2,0.04,0.08,7.4,7.6,7.3,7.5,0"
2024-10-18 10:38:33.908538,"0,2501,1515,50,7.5,1.2,25.3,12.4,1500,1400,1.1,1.5,0.25,0.05,0.1,2.5,8.0,0.2,0.04,0.08,7.4,7.6,7.3,7.5,0"
2024-10-18 10:38:38.917356,"0,2501,1001,50,7.5,1.2,25.3,12.4,1500,1400,1.1,1.5,0.25,0.05,0.1,2.5,8.0,0.2,0.04,0.08,7.4,7.6,7.3,7.5,0"
2024-10-18 10:38:38.926997,"0,2501,1515,50,7.5,1.2,25.3,12.4,1500,1400,1.1,1.5,0.25,0.05,0.1,2.5,8.0,0.2,0.04,0.08,7.4,7.6,7.3,7.5,0"
2024-10-18 10:38:47.691688,"0,2501,1001,50,7.5,1.2,25.3,12.4,1500,1400,1.1,1.5,0.25,0.05,0.1,2.5,8.0,0.2,0.04,0.08,7.4,7.6,7.3,7.5,0"
2024-10-18 10:38:47.702697,"0,2501,1515,50,7.5,1.2,25.3,12.4,1500,1400,1.1,1.5,0.25,0.05,0.1,2.5,8.0,0.2,0.04,0.08,7.4,7.6,7.3,7.5,0"
2024-10-18 10:38:52.715938,"0,2501,1001,50,7.5,1.2,25.3,12.4,1500,1400,1.1,1.5,0.25,0.05,0.1,2.5,8.0,0.2,0.04,0.08,7.4,7.6,7.3,7.5,0"
2024-10-18 10:38:52.726938,"0,2501,1515,50,7.5,1.2,25.3,12.4,1500,1400,1.1,1.5,0.25,0.05,0.1,2.5,8.0,0.2,0.04,0.08,7.4,7.6,7.3,7.5,0"
2024-10-18 10:38:57.735844,"0,2501,1001,50,7.5,1.2,25.3,12.4,1500,1400,1.1,1.5,0.25,0.05,0.1,2.5,8.0,0.2,0.04,0.08,7.4,7.6,7.3,7.5,0"
2024-10-18 10:38:57.744058,"0,2501,1515,50,7.5,1.2,25.3,12.4,1500,1400,1.1,1.5,0.25,0.05,0.1,2.5,8.0,0.2,0.04,0.08,7.4,7.6,7.3,7.5,0"
2024-10-18 10:39:02.754594,"0,2501,1001,50,7.5,1.2,25.3,12.4,1500,1400,1.1,1.5,0.25,0.05,0.1,2.5,8.0,0.2,0.04,0.08,7.4,7.6,7.3,7.5,0"
2024-10-18 10:39:02.764104,"0,2501,1515,50,7.5,1.2,25.3,12.4,1500,1400,1.1,1.5,0.25,0.05,0.1,2.5,8.0,0.2,0.04,0.08,7.4,7.6,7.3,7.5,0"
2024-10-18 10:39:07.777422,"0,2501,1001,50,7.5,1.2,25.3,12.4,1500,1400,1.1,1.5,0.25,0.05,0.1,2.5,8.0,0.2,0.04,0.08,7.4,7.6,7.3,7.5,0"
2024-10-18 10:39:07.786570,"0,2501,1515,50,7.5,1.2,25.3,12.4,1500,1400,1.1,1.5,0.25,0.05,0.1,2.5,8.0,0.2,0.04,0.08,7.4,7.6,7.3,7.5,0"
2024-10-18 10:39:12.795246,"0,2501,1001,50,7.5,1.2,25.3,12.4,1500,1400,1.1,1.5,0.25,0.05,0.1,2.5,8.0,0.2,0.04,0.08,7.4,7.6,7.3,7.5,0"
2024-10-18 10:39:12.805259,"0,2501,1515,50,7.5,1.2,25.3,12.4,1500,1400,1.1,1.5,0.25,0.05,0.1,2.5,8.0,0.2,0.04,0.08,7.4,7.6,7.3,7.5,0"
2024-10-18 10:39:17.816037,"0,2501,1001,50,7.5,1.2,25.3,12.4,1500,1400,1.1,1.5,0.25,0.05,0.1,2.5,8.0,0.2,0.04,0.08,7.4,7.6,7.3,7.5,0"
2024-10-18 10:39:17.825351,"0,2501,1515,50,7.5,1.2,25.3,12.4,1500,1400,1.1,1.5,0.25,0.05,0.1,2.5,8.0,0.2,0.04,0.08,7.4,7.6,7.3,7.5,0"
2024-10-18 10:39:22.837357,"0,2501,1001,50,7.5,1.2,25.3,12.4,1500,1400,1.1,1.5,0.25,0.05,0.1,2.5,8.0,0.2,0.04,0.08,7.4,7.6,7.3,7.5,0"
2024-10-18 10:39:22.846367,"0,2501,1515,50,7.5,1.2,25.3,12.4,1500,1400,1.1,1.5,0.25,0.05,0.1,2.5,8.0,0.2,0.04,0.08,7.4,7.6,7.3,7.5,0"
2024-10-18 10:39:27.857833,"0,2501,1001,50,7.5,1.2,25.3,12.4,1500,1400,1.1,1.5,0.25,0.05,0.1,2.5,8.0,0.2,0.04,0.08,7.4,7.6,7.3,7.5,0"
2024-10-18 10:39:27.867880,"0,2501,1515,50,7.5,1.2,25.3,12.4,1500,1400,1.1,1.5,0.25,0.05,0.1,2.5,8.0,0.2,0.04,0.08,7.4,7.6,7.3,7.5,0"
2024-10-18 10:39:36.654594,"0,2501,1001,50,7.5,1.2,25.3,12.4,1500,1400,1.1,1.5,0.25,0.05,0.1,2.5,8.0,0.2,0.04,0.08,7.4,7.6,7.3,7.5,0"
2024-10-18 10:39:36.665988,"0,2501,1515,50,7.5,1.2,25.3,12.4,1500,1400,1.1,1.5,0.25,0.05,0.1,2.5,8.0,0.2,0.04,0.08,7.4,7.6,7.3,7.5,0"
2024-10-18 10:39:41.676765,"0,2501,1001,50,7.5,1.2,25.3,12.4,1500,1400,1.1,1.5,0.25,0.05,0.1,2.5,8.0,0.2,0.04,0.08,7.4,7.6,7.3,7.5,0"
2024-10-18 10:39:41.686762,"0,2501,1515,50,7.5,1.2,25.3,12.4,1500,1400,1.1,1.5,0.25,0.05,0.1,2.5,8.0,0.2,0.04,0.08,7.4,7.6,7.3,7.5,0"
2024-10-18 10:39:46.697585,"0,2501,1001,50,7.5,1.2,25.3,12.4,1500,1400,1.1,1.5,0.25,0.05,0.1,2.5,8.0,0.2,0.04,0.08,7.4,7.6,7.3,7.5,0"
2024-10-18 10:39:46.706256,"0,2501,1515,50,7.5,1.2,25.3,12.4,1500,1400,1.1,1.5,0.25,0.05,0.1,2.5,8.0,0.2,0.04,0.08,7.4,7.6,7.3,7.5,0"
2024-10-18 10:39:51.718182,"0,2501,1001,50,7.5,1.2,25.3,12.4,1500,1400,1.1,1.5,0.25,0.05,0.1,2.5,8.0,0.2,0.04,0.08,7.4,7.6,7.3,7.5,0"
2024-10-18 10:39:51.726243,"0,2501,1515,50,7.5,1.2,25.3,12.4,1500,1400,1.1,1.5,0.25,0.05,0.1,2.5,8.0,0.2,0.04,0.08,7.4,7.6,7.3,7.5,0"
2024-10-18 10:39:56.737966,"0,2501,1001,50,7.5,1.2,25.3,12.4,1500,1400,1.1,1.5,0.25,0.05,0.1,2.5,8.0,0.2,0.04,0.08,7.4,7.6,7.3,7.5,0"
2024-10-18 10:39:56.746975,"0,2501,1515,50,7.5,1.2,25.3,12.4,1500,1400,1.1,1.5,0.25,0.05,0.1,2.5,8.0,0.2,0.04,0.08,7.4,7.6,7.3,7.5,0"
2024-10-18 10:40:01.759256,"0,2501,1001,50,7.5,1.2,25.3,12.4,1500,1400,1.1,1.5,0.25,0.05,0.1,2.5,8.0,0.2,0.04,0.08,7.4,7.6,7.3,7.5,0"
2024-10-18 10:40:01.770269,"0,2501,1515,50,7.5,1.2,25.3,12.4,1500,1400,1.1,1.5,0.25,0.05,0.1,2.5,8.0,0.2,0.04,0.08,7.4,7.6,7.3,7.5,0"
2024-10-18 10:40:06.783413,"0,2501,1001,50,7.5,1.2,25.3,12.4,1500,1400,1.1,1.5,0.25,0.05,0.1,2.5,8.0,0.2,0.04,0.08,7.4,7.6,7.3,7.5,0"
2024-10-18 10:40:06.791596,"0,2501,1515,50,7.5,1.2,25.3,12.4,1500,1400,1.1,1.5,0.25,0.05,0.1,2.5,8.0,0.2,0.04,0.08,7.4,7.6,7.3,7.5,0"
2024-10-18 10:40:11.799401,"0,2501,1001,50,7.5,1.2,25.3,12.4,1500,1400,1.1,1.5,0.25,0.05,0.1,2.5,8.0,0.2,0.04,0.08,7.4,7.6,7.3,7.5,0"
2024-10-18 10:40:11.811911,"0,2501,1515,50,7.5,1.2,25.3,12.4,1500,1400,1.1,1.5,0.25,0.05,0.1,2.5,8.0,0.2,0.04,0.08,7.4,7.6,7.3,7.5,0"
2024-10-18 10:40:16.819985,"0,2501,1001,50,7.5,1.2,25.3,12.4,1500,1400,1.1,1.5,0.25,0.05,0.1,2.5,8.0,0.2,0.04,0.08,7.4,7.6,7.3,7.5,0"
2024-10-18 10:40:16.829990,"0,2501,1515,50,7.5,1.2,25.3,12.4,1500,1400,1.1,1.5,0.25,0.05,0.1,2.5,8.0,0.2,0.04,0.08,7.4,7.6,7.3,7.5,0"
2024-10-18 10:40:25.608076,"0,2501,1001,50,7.5,1.2,25.3,12.4,1500,1400,1.1,1.5,0.25,0.05,0.1,2.5,8.0,0.2,0.04,0.08,7.4,7.6,7.3,7.5,0"
2024-10-18 10:40:25.619027,"0,2501,1515,50,7.5,1.2,25.3,12.4,1500,1400,1.1,1.5,0.25,0.05,0.1,2.5,8.0,0.2,0.04,0.08,7.4,7.6,7.3,7.5,0"
2024-10-18 10:40:30.630694,"0,2501,1001,50,7.5,1.2,25.3,12.4,1500,1400,1.1,1.5,0.25,0.05,0.1,2.5,8.0,0.2,0.04,0.08,7.4,7.6,7.3,7.5,0"
2024-10-18 10:40:30.644902,"0,2501,1515,50,7.5,1.2,25.3,12.4,1500,1400,1.1,1.5,0.25,0.05,0.1,2.5,8.0,0.2,0.04,0.08,7.4,7.6,7.3,7.5,0"
2024-10-18 10:40:35.650295,"0,2501,1001,50,7.5,1.2,25.3,12.4,1500,1400,1.1,1.5,0.25,0.05,0.1,2.5,8.0,0.2,0.04,0.08,7.4,7.6,7.3,7.5,0"
2024-10-18 10:40:35.658905,"0,2501,1515,50,7.5,1.2,25.3,12.4,1500,1400,1.1,1.5,0.25,0.05,0.1,2.5,8.0,0.2,0.04,0.08,7.4,7.6,7.3,7.5,0"
2024-10-18 10:40:40.669460,"0,2501,1001,50,7.5,1.2,25.3,12.4,1500,1400,1.1,1.5,0.25,0.05,0.1,2.5,8.0,0.2,0.04,0.08,7.4,7.6,7.3,7.5,0"
2024-10-18 10:40:40.679468,"0,2501,1515,50,7.5,1.2,25.3,12.4,1500,1400,1.1,1.5,0.25,0.05,0.1,2.5,8.0,0.2,0.04,0.08,7.4,7.6,7.3,7.5,0"
2024-10-18 10:40:45.691637,"0,2501,1001,50,7.5,1.2,25.3,12.4,1500,1400,1.1,1.5,0.25,0.05,0.1,2.5,8.0,0.2,0.04,0.08,7.4,7.6,7.3,7.5,0"
2024-10-18 10:40:45.700751,"0,2501,1515,50,7.5,1.2,25.3,12.4,1500,1400,1.1,1.5,0.25,0.05,0.1,2.5,8.0,0.2,0.04,0.08,7.4,7.6,7.3,7.5,0"
2024-10-18 10:40:50.712998,"0,2501,1001,50,7.5,1.2,25.3,12.4,1500,1400,1.1,1.5,0.25,0.05,0.1,2.5,8.0,0.2,0.04,0.08,7.4,7.6,7.3,7.5,0"
2024-10-18 10:40:50.720961,"0,2501,1515,50,7.5,1.2,25.3,12.4,1500,1400,1.1,1.5,0.25,0.05,0.1,2.5,8.0,0.2,0.04,0.08,7.4,7.6,7.3,7.5,0"
2024-10-18 10:40:55.730761,"0,2501,1001,50,7.5,1.2,25.3,12.4,1500,1400,1.1,1.5,0.25,0.05,0.1,2.5,8.0,0.2,0.04,0.08,7.4,7.6,7.3,7.5,0"
2024-10-18 10:40:55.740758,"0,2501,1515,50,7.5,1.2,25.3,12.4,1500,1400,1.1,1.5,0.25,0.05,0.1,2.5,8.0,0.2,0.04,0.08,7.4,7.6,7.3,7.5,0"
2024-10-18 10:41:00.752606,"0,2501,1001,50,7.5,1.2,25.3,12.4,1500,1400,1.1,1.5,0.25,0.05,0.1,2.5,8.0,0.2,0.04,0.08,7.4,7.6,7.3,7.5,0"
2024-10-18 10:41:00.761337,"0,2501,1515,50,7.5,1.2,25.3,12.4,1500,1400,1.1,1.5,0.25,0.05,0.1,2.5,8.0,0.2,0.04,0.08,7.4,7.6,7.3,7.5,0"
2024-10-18 10:41:05.774735,"0,2501,1001,50,7.5,1.2,25.3,12.4,1500,1400,1.1,1.5,0.25,0.05,0.1,2.5,8.0,0.2,0.04,0.08,7.4,7.6,7.3,7.5,0"
2024-10-18 10:41:05.781816,"0,2501,1515,50,7.5,1.2,25.3,12.4,1500,1400,1.1,1.5,0.25,0.05,0.1,2.5,8.0,0.2,0.04,0.08,7.4,7.6,7.3,7.5,0"
2024-10-18 10:41:14.571715,"0,2501,1001,50,7.5,1.2,25.3,12.4,1500,1400,1.1,1.5,0.25,0.05,0.1,2.5,8.0,0.2,0.04,0.08,7.4,7.6,7.3,7.5,0"
2024-10-18 10:41:14.592065,"0,2501,1515,50,7.5,1.2,25.3,12.4,1500,1400,1.1,1.5,0.25,0.05,0.1,2.5,8.0,0.2,0.04,0.08,7.4,7.6,7.3,7.5,0"
2024-10-18 10:41:19.612816,"0,2501,1001,50,7.5,1.2,25.3,12.4,1500,1400,1.1,1.5,0.25,0.05,0.1,2.5,8.0,0.2,0.04,0.08,7.4,7.6,7.3,7.5,0"
2024-10-18 10:41:19.622922,"0,2501,1515,50,7.5,1.2,25.3,12.4,1500,1400,1.1,1.5,0.25,0.05,0.1,2.5,8.0,0.2,0.04,0.08,7.4,7.6,7.3,7.5,0"
2024-10-18 10:41:24.634144,"0,2501,1001,50,7.5,1.2,25.3,12.4,1500,1400,1.1,1.5,0.25,0.05,0.1,2.5,8.0,0.2,0.04,0.08,7.4,7.6,7.3,7.5,0"
2024-10-18 10:41:24.643788,"0,2501,1515,50,7.5,1.2,25.3,12.4,1500,1400,1.1,1.5,0.25,0.05,0.1,2.5,8.0,0.2,0.04,0.08,7.4,7.6,7.3,7.5,0"
2024-10-18 10:41:29.654871,"0,2501,1001,50,7.5,1.2,25.3,12.4,1500,1400,1.1,1.5,0.25,0.05,0.1,2.5,8.0,0.2,0.04,0.08,7.4,7.6,7.3,7.5,0"
2024-10-18 10:41:29.663876,"0,2501,1515,50,7.5,1.2,25.3,12.4,1500,1400,1.1,1.5,0.25,0.05,0.1,2.5,8.0,0.2,0.04,0.08,7.4,7.6,7.3,7.5,0"
2024-10-18 10:41:34.674000,"0,2501,1001,50,7.5,1.2,25.3,12.4,1500,1400,1.1,1.5,0.25,0.05,0.1,2.5,8.0,0.2,0.04,0.08,7.4,7.6,7.3,7.5,0"
2024-10-18 10:41:34.685538,"0,2501,1515,50,7.5,1.2,25.3,12.4,1500,1400,1.1,1.5,0.25,0.05,0.1,2.5,8.0,0.2,0.04,0.08,7.4,7.6,7.3,7.5,0"
2024-10-18 10:41:39.694079,"0,2501,1001,50,7.5,1.2,25.3,12.4,1500,1400,1.1,1.5,0.25,0.05,0.1,2.5,8.0,0.2,0.04,0.08,7.4,7.6,7.3,7.5,0"
2024-10-18 10:41:39.705254,"0,2501,1515,50,7.5,1.2,25.3,12.4,1500,1400,1.1,1.5,0.25,0.05,0.1,2.5,8.0,0.2,0.04,0.08,7.4,7.6,7.3,7.5,0"
2024-10-18 10:41:44.714903,"0,2501,1001,50,7.5,1.2,25.3,12.4,1500,1400,1.1,1.5,0.25,0.05,0.1,2.5,8.0,0.2,0.04,0.08,7.4,7.6,7.3,7.5,0"
2024-10-18 10:41:44.725890,"0,2501,1515,50,7.5,1.2,25.3,12.4,1500,1400,1.1,1.5,0.25,0.05,0.1,2.5,8.0,0.2,0.04,0.08,7.4,7.6,7.3,7.5,0"
2024-10-18 10:41:49.736969,"0,2501,1001,50,7.5,1.2,25.3,12.4,1500,1400,1.1,1.5,0.25,0.05,0.1,2.5,8.0,0.2,0.04,0.08,7.4,7.6,7.3,7.5,0"
2024-10-18 10:41:49.745968,"0,2501,1515,50,7.5,1.2,25.3,12.4,1500,1400,1.1,1.5,0.25,0.05,0.1,2.5,8.0,0.2,0.04,0.08,7.4,7.6,7.3,7.5,0"
2024-10-18 10:41:54.761629,"0,2501,1001,50,7.5,1.2,25.3,12.4,1500,1400,1.1,1.5,0.25,0.05,0.1,2.5,8.0,0.2,0.04,0.08,7.4,7.6,7.3,7.5,0"
2024-10-18 10:41:54.773335,"0,2501,1515,50,7.5,1.2,25.3,12.4,1500,1400,1.1,1.5,0.25,0.05,0.1,2.5,8.0,0.2,0.04,0.08,7.4,7.6,7.3,7.5,0"
2024-10-18 10:42:03.528123,"0,2501,1001,50,7.5,1.2,25.3,12.4,1500,1400,1.1,1.5,0.25,0.05,0.1,2.5,8.0,0.2,0.04,0.08,7.4,7.6,7.3,7.5,0"
2024-10-18 10:42:03.541188,"0,2501,1515,50,7.5,1.2,25.3,12.4,1500,1400,1.1,1.5,0.25,0.05,0.1,2.5,8.0,0.2,0.04,0.08,7.4,7.6,7.3,7.5,0"
2024-10-18 10:42:08.551485,"0,2501,1001,50,7.5,1.2,25.3,12.4,1500,1400,1.1,1.5,0.25,0.05,0.1,2.5,8.0,0.2,0.04,0.08,7.4,7.6,7.3,7.5,0"
2024-10-18 10:42:08.562493,"0,2501,1515,50,7.5,1.2,25.3,12.4,1500,1400,1.1,1.5,0.25,0.05,0.1,2.5,8.0,0.2,0.04,0.08,7.4,7.6,7.3,7.5,0"
2024-10-18 10:42:13.572004,"0,2501,1001,50,7.5,1.2,25.3,12.4,1500,1400,1.1,1.5,0.25,0.05,0.1,2.5,8.0,0.2,0.04,0.08,7.4,7.6,7.3,7.5,0"
2024-10-18 10:42:13.582541,"0,2501,1515,50,7.5,1.2,25.3,12.4,1500,1400,1.1,1.5,0.25,0.05,0.1,2.5,8.0,0.2,0.04,0.08,7.4,7.6,7.3,7.5,0"
2024-10-18 10:42:18.592464,"0,2501,1001,50,7.5,1.2,25.3,12.4,1500,1400,1.1,1.5,0.25,0.05,0.1,2.5,8.0,0.2,0.04,0.08,7.4,7.6,7.3,7.5,0"
2024-10-18 10:42:18.608485,"0,2501,1515,50,7.5,1.2,25.3,12.4,1500,1400,1.1,1.5,0.25,0.05,0.1,2.5,8.0,0.2,0.04,0.08,7.4,7.6,7.3,7.5,0"
2024-10-18 10:47:04.213528,"0,2501,1001,50,7.5,1.2,25.3,12.4,1500,1400,1.1,1.5,0.25,0.05,0.1,2.5,8.0,0.2,0.04,0.08,7.4,7.6,7.3,7.5,0"
2024-10-18 10:47:04.224639,"0,2501,1515,50,7.5,1.2,25.3,12.4,1500,1400,1.1,1.5,0.25,0.05,0.1,2.5,8.0,0.2,0.04,0.08,7.4,7.6,7.3,7.5,0"
2024-10-18 10:47:09.329477,"0,2501,1001,50,7.5,1.2,25.3,12.4,1500,1400,1.1,1.5,0.25,0.05,0.1,2.5,8.0,0.2,0.04,0.08,7.4,7.6,7.3,7.5,0"
2024-10-18 10:47:09.342922,"2024-10-18 10:47:08 - serial_command_parser - ERROR: Error parsing command: 0,2501,1002,3002,2000,2000,0,1,0,0,0,0,0,0,0,0,0,0,0,0,0,0,1,101 - list index out of range"
2024-10-18 10:47:09.352921,"0,2501,1515,50,7.5,1.2,25.3,12.4,1500,1400,1.1,1.5,0.25,0.05,0.1,2.5,8.0,0.2,0.04,0.08,7.4,7.6,7.3,7.5,0"
2024-10-18 10:47:09.373242,"2024-10-18 10:47:08 - serial_command_parser - ERROR: Error parsing command: ,200,20,100,100,60000,1000,37,0,0.9,0.003125,0.003125,2,5,1,0.2,0.05,0.01,0,2,1,1,1,0,0,1,1,0,0,27,29,31,33,0,0,0,0,13,2,3,11,5,6,7,8,9,10,4,12,14,15,16,17,47,54,0,8,0,0,115200,115200,115200,4002,0 - invalid syntax for integer with base 10"
2024-10-18 10:47:18.172646,"0,2501,1001,50,7.5,1.2,25.3,12.4,1500,1400,1.1,1.5,0.25,0.05,0.1,2.5,8.0,0.2,0.04,0.08,7.4,7.6,7.3,7.5,0"
2024-10-18 10:47:18.185766,"0,2501,1515,50,7.5,1.2,25.3,12.4,1500,1400,1.1,1.5,0.25,0.05,0.1,2.5,8.0,0.2,0.04,0.08,7.4,7.6,7.3,7.5,0"
2024-10-18 10:47:23.214097,"0,2501,1001,50,7.5,1.2,25.3,12.4,1500,1400,1.1,1.5,0.25,0.05,0.1,2.5,8.0,0.2,0.04,0.08,7.4,7.6,7.3,7.5,0"
2024-10-18 10:47:23.227158,"0,2501,1515,50,7.5,1.2,25.3,12.4,1500,1400,1.1,1.5,0.25,0.05,0.1,2.5,8.0,0.2,0.04,0.08,7.4,7.6,7.3,7.5,0"
2024-10-18 10:47:28.328465,"0,2501,1001,50,7.5,1.2,25.3,12.4,1500,1400,1.1,1.5,0.25,0.05,0.1,2.5,8.0,0.2,0.04,0.08,7.4,7.6,7.3,7.5,0"
2024-10-18 10:47:28.339614,"0,2501,1515,50,7.5,1.2,25.3,12.4,1500,1400,1.1,1.5,0.25,0.05,0.1,2.5,8.0,0.2,0.04,0.08,7.4,7.6,7.3,7.5,0"
2024-10-18 10:47:33.444839,"0,2501,1001,50,7.5,1.2,25.3,12.4,1500,1400,1.1,1.5,0.25,0.05,0.1,2.5,8.0,0.2,0.04,0.08,7.4,7.6,7.3,7.5,0"
2024-10-18 10:47:33.454802,"0,2501,1515,50,7.5,1.2,25.3,12.4,1500,1400,1.1,1.5,0.25,0.05,0.1,2.5,8.0,0.2,0.04,0.08,7.4,7.6,7.3,7.5,0"
2024-10-18 10:47:38.558455,"0,2501,1001,50,7.5,1.2,25.3,12.4,1500,1400,1.1,1.5,0.25,0.05,0.1,2.5,8.0,0.2,0.04,0.08,7.4,7.6,7.3,7.5,0"
2024-10-18 10:47:38.667489,"0,2501,1515,50,7.5,1.2,25.3,12.4,1500,1400,1.1,1.5,0.25,0.05,0.1,2.5,8.0,0.2,0.04,0.08,7.4,7.6,7.3,7.5,0"
2024-10-18 10:47:43.683110,"0,2501,1001,50,7.5,1.2,25.3,12.4,1500,1400,1.1,1.5,0.25,0.05,0.1,2.5,8.0,0.2,0.04,0.08,7.4,7.6,7.3,7.5,0"
2024-10-18 10:47:43.694790,"0,2501,1515,50,7.5,1.2,25.3,12.4,1500,1400,1.1,1.5,0.25,0.05,0.1,2.5,8.0,0.2,0.04,0.08,7.4,7.6,7.3,7.5,0"
2024-10-18 10:47:52.678807,"0,2501,1001,50,7.5,1.2,25.3,12.4,1500,1400,1.1,1.5,0.25,0.05,0.1,2.5,8.0,0.2,0.04,0.08,7.4,7.6,7.3,7.5,0"
2024-10-18 10:47:52.692936,"0,2501,1515,50,7.5,1.2,25.3,12.4,1500,1400,1.1,1.5,0.25,0.05,0.1,2.5,8.0,0.2,0.04,0.08,7.4,7.6,7.3,7.5,0"
2024-10-18 10:47:57.796317,"0,2501,1001,50,7.5,1.2,25.3,12.4,1500,1400,1.1,1.5,0.25,0.05,0.1,2.5,8.0,0.2,0.04,0.08,7.4,7.6,7.3,7.5,0"
2024-10-18 10:47:57.805896,"0,2501,1515,50,7.5,1.2,25.3,12.4,1500,1400,1.1,1.5,0.25,0.05,0.1,2.5,8.0,0.2,0.04,0.08,7.4,7.6,7.3,7.5,0"
2024-10-18 10:48:02.910361,"0,2501,1001,50,7.5,1.2,25.3,12.4,1500,1400,1.1,1.5,0.25,0.05,0.1,2.5,8.0,0.2,0.04,0.08,7.4,7.6,7.3,7.5,0"
2024-10-18 10:48:02.920139,"0,2501,1515,50,7.5,1.2,25.3,12.4,1500,1400,1.1,1.5,0.25,0.05,0.1,2.5,8.0,0.2,0.04,0.08,7.4,7.6,7.3,7.5,0"
2024-10-18 10:48:08.028620,"0,2501,1001,50,7.5,1.2,25.3,12.4,1500,1400,1.1,1.5,0.25,0.05,0.1,2.5,8.0,0.2,0.04,0.08,7.4,7.6,7.3,7.5,0"
2024-10-18 10:48:08.036413,"0,2501,1515,50,7.5,1.2,25.3,12.4,1500,1400,1.1,1.5,0.25,0.05,0.1,2.5,8.0,0.2,0.04,0.08,7.4,7.6,7.3,7.5,0"
2024-10-18 10:50:51.566968,"0,2501,1001,50,7.5,1.2,25.3,12.4,1500,1400,1.1,1.5,0.25,0.05,0.1,2.5,8.0,0.2,0.04,0.08,7.4,7.6,7.3,7.5,0"
2024-10-18 10:50:51.574940,"0,2501,1515,50,7.5,1.2,25.3,12.4,1500,1400,1.1,1.5,0.25,0.05,0.1,2.5,8.0,0.2,0.04,0.08,7.4,7.6,7.3,7.5,0"
2024-10-18 10:50:56.684528,"0,2501,1001,50,7.5,1.2,25.3,12.4,1500,1400,1.1,1.5,0.25,0.05,0.1,2.5,8.0,0.2,0.04,0.08,7.4,7.6,7.3,7.5,0"
2024-10-18 10:50:56.697044,"0,2501,1515,50,7.5,1.2,25.3,12.4,1500,1400,1.1,1.5,0.25,0.05,0.1,2.5,8.0,0.2,0.04,0.08,7.4,7.6,7.3,7.5,0"
2024-10-18 10:51:01.724791,"0,2501,1001,50,7.5,1.2,25.3,12.4,1500,1400,1.1,1.5,0.25,0.05,0.1,2.5,8.0,0.2,0.04,0.08,7.4,7.6,7.3,7.5,0"
2024-10-18 10:51:01.732539,"0,2501,1515,50,7.5,1.2,25.3,12.4,1500,1400,1.1,1.5,0.25,0.05,0.1,2.5,8.0,0.2,0.04,0.08,7.4,7.6,7.3,7.5,0"
2024-10-18 10:51:06.840634,"0,2501,1001,50,7.5,1.2,25.3,12.4,1500,1400,1.1,1.5,0.25,0.05,0.1,2.5,8.0,0.2,0.04,0.08,7.4,7.6,7.3,7.5,0"
2024-10-18 10:51:06.848864,"0,2501,1515,50,7.5,1.2,25.3,12.4,1500,1400,1.1,1.5,0.25,0.05,0.1,2.5,8.0,0.2,0.04,0.08,7.4,7.6,7.3,7.5,0"
2024-10-18 10:51:11.955258,"0,2501,1001,50,7.5,1.2,25.3,12.4,1500,1400,1.1,1.5,0.25,0.05,0.1,2.5,8.0,0.2,0.04,0.08,7.4,7.6,7.3,7.5,0"
2024-10-18 10:51:11.964889,"0,2501,1515,50,7.5,1.2,25.3,12.4,1500,1400,1.1,1.5,0.25,0.05,0.1,2.5,8.0,0.2,0.04,0.08,7.4,7.6,7.3,7.5,0"
2024-10-18 10:51:20.848400,"0,2501,1001,50,7.5,1.2,25.3,12.4,1500,1400,1.1,1.5,0.25,0.05,0.1,2.5,8.0,0.2,0.04,0.08,7.4,7.6,7.3,7.5,0"
2024-10-18 10:51:20.857689,"0,2501,1515,50,7.5,1.2,25.3,12.4,1500,1400,1.1,1.5,0.25,0.05,0.1,2.5,8.0,0.2,0.04,0.08,7.4,7.6,7.3,7.5,0"
2024-10-18 10:51:26.048152,"0,2501,1001,50,7.5,1.2,25.3,12.4,1500,1400,1.1,1.5,0.25,0.05,0.1,2.5,8.0,0.2,0.04,0.08,7.4,7.6,7.3,7.5,0"
2024-10-18 10:51:26.059723,"0,2501,1515,50,7.5,1.2,25.3,12.4,1500,1400,1.1,1.5,0.25,0.05,0.1,2.5,8.0,0.2,0.04,0.08,7.4,7.6,7.3,7.5,0"
